ISIC_0023658,A1_Benign_melanocytic
ISIC_0012238,A3_Benign_epidermal
ISIC_0013226,A1_Benign_melanocytic
ISIC_0014080,A1_Benign_melanocytic
ISIC_0018290,A1_Benign_melanocytic
ISIC_0000001,A1_Benign_melanocytic
ISIC_0011225,A1_Benign_melanocytic
ISIC_0011143,A1_Benign_melanocytic
ISIC_0000035,A2_Melanoma
ISIC_0015948,A1_Benign_melanocytic
ISIC_0012925,A1_Benign_melanocytic
ISIC_0013089,A3_Benign_epidermal
ISIC_0010046,A1_Benign_melanocytic
ISIC_0021955,A4_Other
ISIC_0015950,A1_Benign_melanocytic
ISIC_0012384,A1_Benign_melanocytic
ISIC_0013024,A1_Benign_melanocytic
ISIC_0015140,A1_Benign_melanocytic
ISIC_0023678,A1_Benign_melanocytic
ISIC_0020803,A1_Benign_melanocytic
ISIC_0010606,A1_Benign_melanocytic
ISIC_0010058,A1_Benign_melanocytic
ISIC_0012223,A3_Benign_epidermal
ISIC_0021798,A3_Benign_epidermal
ISIC_0010571,A1_Benign_melanocytic
ISIC_0036203,A1_Benign_melanocytic
ISIC_0013740,A2_Melanoma
ISIC_0018108,A1_Benign_melanocytic
ISIC_0013737,A1_Benign_melanocytic
ISIC_0015062,A3_Benign_epidermal
ISIC_0008145,A1_Benign_melanocytic
ISIC_0016013,A1_Benign_melanocytic
ISIC_0011212,A1_Benign_melanocytic
ISIC_0000025,A1_Benign_melanocytic
ISIC_0012572,A1_Benign_melanocytic
ISIC_0014936,A1_Benign_melanocytic
ISIC_0036338,A1_Benign_melanocytic
ISIC_0014812,A1_Benign_melanocytic
ISIC_0010480,A1_Benign_melanocytic
ISIC_0036343,A1_Benign_melanocytic
ISIC_0019453,A1_Benign_melanocytic
ISIC_0016054,A1_Benign_melanocytic
ISIC_0012672,A1_Benign_melanocytic
ISIC_0015170,A3_Benign_epidermal
ISIC_0000513,A2_Melanoma
ISIC_0036310,A1_Benign_melanocytic
ISIC_0000108,A1_Benign_melanocytic
ISIC_0010852,A2_Melanoma
ISIC_0009430,A1_Benign_melanocytic
ISIC_0013191,A1_Benign_melanocytic
ISIC_0015034,A1_Benign_melanocytic
ISIC_0021902,A1_Benign_melanocytic
ISIC_0015401,A1_Benign_melanocytic
ISIC_0003174,A1_Benign_melanocytic
ISIC_0015202,A1_Benign_melanocytic
ISIC_0023366,A2_Melanoma
ISIC_0022657,A1_Benign_melanocytic
ISIC_0013671,A2_Melanoma
ISIC_0019747,A1_Benign_melanocytic
ISIC_0013986,A2_Melanoma
ISIC_0018058,A1_Benign_melanocytic
ISIC_0015507,A1_Benign_melanocytic
ISIC_0009990,A1_Benign_melanocytic
ISIC_0000470,A1_Benign_melanocytic
ISIC_0010365,A1_Benign_melanocytic
ISIC_0012261,A1_Benign_melanocytic
ISIC_0010572,A1_Benign_melanocytic
ISIC_0011132,A2_Melanoma
ISIC_0022367,A1_Benign_melanocytic
ISIC_0036091,A2_Melanoma
ISIC_0000410,A2_Melanoma
ISIC_0001118,A2_Melanoma
ISIC_0036115,A2_Melanoma
ISIC_0000121,A1_Benign_melanocytic
ISIC_0013192,A1_Benign_melanocytic
ISIC_0009980,A1_Benign_melanocytic
ISIC_0000457,A1_Benign_melanocytic
ISIC_0010173,A1_Benign_melanocytic
ISIC_0012432,A3_Benign_epidermal
ISIC_0018989,A1_Benign_melanocytic
ISIC_0013094,A1_Benign_melanocytic
ISIC_0014394,A1_Benign_melanocytic
ISIC_0014027,A2_Melanoma
ISIC_0000208,A1_Benign_melanocytic
ISIC_0010205,A1_Benign_melanocytic
ISIC_0000043,A2_Melanoma
ISIC_0012664,A1_Benign_melanocytic
ISIC_0011207,A1_Benign_melanocytic
ISIC_0015312,A1_Benign_melanocytic
ISIC_0012250,A1_Benign_melanocytic
ISIC_0011099,A2_Melanoma
ISIC_0010372,A2_Melanoma
ISIC_0012224,A3_Benign_epidermal
ISIC_0000493,A1_Benign_melanocytic
ISIC_0013238,A1_Benign_melanocytic
ISIC_0000540,A1_Benign_melanocytic
ISIC_0020632,A1_Benign_melanocytic
ISIC_0007788,A1_Benign_melanocytic
ISIC_0020840,A1_Benign_melanocytic
ISIC_0000042,A1_Benign_melanocytic
ISIC_0021625,A1_Benign_melanocytic
ISIC_0014922,A2_Melanoma
ISIC_0014028,A3_Benign_epidermal
ISIC_0013935,A1_Benign_melanocytic
ISIC_0000215,A1_Benign_melanocytic
ISIC_0010249,A1_Benign_melanocytic
ISIC_0000098,A1_Benign_melanocytic
ISIC_0014072,A2_Melanoma
ISIC_0000322,A1_Benign_melanocytic
ISIC_0000387,A1_Benign_melanocytic
ISIC_0019380,A1_Benign_melanocytic
ISIC_0015972,A1_Benign_melanocytic
ISIC_0016040,A1_Benign_melanocytic
ISIC_0010584,A1_Benign_melanocytic
ISIC_0010452,A1_Benign_melanocytic
ISIC_0021554,A3_Benign_epidermal
ISIC_0020893,A1_Benign_melanocytic
ISIC_0013039,A1_Benign_melanocytic
ISIC_0018889,A1_Benign_melanocytic
ISIC_0015108,A3_Benign_epidermal
ISIC_0012134,A3_Benign_epidermal
ISIC_0023752,A1_Benign_melanocytic
ISIC_0000176,A2_Melanoma
ISIC_0009252,A1_Benign_melanocytic
ISIC_0017389,A2_Melanoma
ISIC_0000327,A1_Benign_melanocytic
ISIC_0009946,A1_Benign_melanocytic
ISIC_0021008,A3_Benign_epidermal
ISIC_0023765,A2_Melanoma
ISIC_0012911,A1_Benign_melanocytic
ISIC_0015945,A1_Benign_melanocytic
ISIC_0021596,A3_Benign_epidermal
ISIC_0020372,A1_Benign_melanocytic
ISIC_0014144,A2_Melanoma
ISIC_0023620,A2_Melanoma
ISIC_0011129,A1_Benign_melanocytic
ISIC_0011165,A1_Benign_melanocytic
ISIC_0000288,A2_Melanoma
ISIC_0018184,A1_Benign_melanocytic
ISIC_0013708,A3_Benign_epidermal
ISIC_0036289,A1_Benign_melanocytic
ISIC_0014605,A3_Benign_epidermal
ISIC_0000463,A2_Melanoma
ISIC_0011118,A2_Melanoma
ISIC_0018507,A1_Benign_melanocytic
ISIC_0015363,A1_Benign_melanocytic
ISIC_0019883,A1_Benign_melanocytic
ISIC_0012167,A1_Benign_melanocytic
ISIC_0015998,A1_Benign_melanocytic
ISIC_0015156,A2_Melanoma
ISIC_0008993,A1_Benign_melanocytic
ISIC_0010047,A1_Benign_melanocytic
ISIC_0000336,A1_Benign_melanocytic
ISIC_0014438,A1_Benign_melanocytic
ISIC_0007156,A1_Benign_melanocytic
ISIC_0015094,A1_Benign_melanocytic
ISIC_0012643,A1_Benign_melanocytic
ISIC_0018405,A1_Benign_melanocytic
ISIC_0012212,A1_Benign_melanocytic
ISIC_0019723,A1_Benign_melanocytic
ISIC_0013670,A1_Benign_melanocytic
ISIC_0036261,A1_Benign_melanocytic
ISIC_0000499,A1_Benign_melanocytic
ISIC_0015295,A3_Benign_epidermal
ISIC_0011361,A1_Benign_melanocytic
ISIC_0014687,A1_Benign_melanocytic
ISIC_0001126,A2_Melanoma
ISIC_0013355,A1_Benign_melanocytic
ISIC_0013489,A1_Benign_melanocytic
ISIC_0020318,A1_Benign_melanocytic
ISIC_0019981,A1_Benign_melanocytic
ISIC_0014762,A1_Benign_melanocytic
ISIC_0000207,A1_Benign_melanocytic
ISIC_0036092,A2_Melanoma
ISIC_0000229,A1_Benign_melanocytic
ISIC_0000489,A1_Benign_melanocytic
ISIC_0009898,A2_Melanoma
ISIC_0012907,A1_Benign_melanocytic
ISIC_0022552,A1_Benign_melanocytic
ISIC_0013861,A2_Melanoma
ISIC_0020714,A1_Benign_melanocytic
ISIC_0000315,A1_Benign_melanocytic
ISIC_0019529,A1_Benign_melanocytic
ISIC_0014353,A1_Benign_melanocytic
ISIC_0000550,A2_Melanoma
ISIC_0000069,A1_Benign_melanocytic
ISIC_0014726,A1_Benign_melanocytic
ISIC_0013378,A1_Benign_melanocytic
ISIC_0015416,A1_Benign_melanocytic
ISIC_0021115,A1_Benign_melanocytic
ISIC_0000364,A1_Benign_melanocytic
ISIC_0015229,A2_Melanoma
ISIC_0012711,A1_Benign_melanocytic
ISIC_0015994,A1_Benign_melanocytic
ISIC_0014940,A1_Benign_melanocytic
ISIC_0006815,A1_Benign_melanocytic
ISIC_0014501,A2_Melanoma
ISIC_0016063,A1_Benign_melanocytic
ISIC_0021333,A1_Benign_melanocytic
ISIC_0014696,A1_Benign_melanocytic
ISIC_0015383,A1_Benign_melanocytic
ISIC_0010552,A1_Benign_melanocytic
ISIC_0011169,A2_Melanoma
ISIC_0022330,A2_Melanoma
ISIC_0013400,A3_Benign_epidermal
ISIC_0013129,A3_Benign_epidermal
ISIC_0011162,A1_Benign_melanocytic
ISIC_0021711,A2_Melanoma
ISIC_0013721,A1_Benign_melanocytic
ISIC_0015631,A1_Benign_melanocytic
ISIC_0012109,A1_Benign_melanocytic
ISIC_0000022,A2_Melanoma
ISIC_0012873,A1_Benign_melanocytic
ISIC_0010190,A1_Benign_melanocytic
ISIC_0010104,A1_Benign_melanocytic
ISIC_0010215,A1_Benign_melanocytic
ISIC_0019228,A1_Benign_melanocytic
ISIC_0014026,A1_Benign_melanocytic
ISIC_0018593,A1_Benign_melanocytic
ISIC_0036132,A1_Benign_melanocytic
ISIC_0036070,A2_Melanoma
ISIC_0013840,A2_Melanoma
ISIC_0021584,A3_Benign_epidermal
ISIC_0000143,A2_Melanoma
ISIC_0013833,A2_Melanoma
ISIC_0013778,A1_Benign_melanocytic
ISIC_0023747,A2_Melanoma
ISIC_0022186,A1_Benign_melanocytic
ISIC_0016039,A1_Benign_melanocytic
ISIC_0000142,A2_Melanoma
ISIC_0001119,A2_Melanoma
ISIC_0000023,A1_Benign_melanocytic
ISIC_0019324,A1_Benign_melanocytic
ISIC_0023933,A1_Benign_melanocytic
ISIC_0018345,A1_Benign_melanocytic
ISIC_0013713,A1_Benign_melanocytic
ISIC_0023356,A1_Benign_melanocytic
ISIC_0015399,A3_Benign_epidermal
ISIC_0013567,A2_Melanoma
ISIC_0000173,A2_Melanoma
ISIC_0000250,A1_Benign_melanocytic
ISIC_0012690,A1_Benign_melanocytic
ISIC_0000157,A2_Melanoma
ISIC_0000231,A1_Benign_melanocytic
ISIC_0023056,A1_Benign_melanocytic
ISIC_0000367,A1_Benign_melanocytic
ISIC_0009930,A1_Benign_melanocytic
ISIC_0001204,A1_Benign_melanocytic
ISIC_0036189,A1_Benign_melanocytic
ISIC_0013249,A1_Benign_melanocytic
ISIC_0000181,A1_Benign_melanocytic
ISIC_0014596,A3_Benign_epidermal
ISIC_0000525,A1_Benign_melanocytic
ISIC_0023821,A1_Benign_melanocytic
ISIC_0015939,A1_Benign_melanocytic
ISIC_0036243,A1_Benign_melanocytic
ISIC_0023128,A4_Other
ISIC_0000162,A2_Melanoma
ISIC_0013809,A1_Benign_melanocytic
ISIC_0012164,A1_Benign_melanocytic
ISIC_0015203,A1_Benign_melanocytic
ISIC_0009988,A1_Benign_melanocytic
ISIC_0010175,A2_Melanoma
ISIC_0014825,A1_Benign_melanocytic
ISIC_0012417,A3_Benign_epidermal
ISIC_0012510,A3_Benign_epidermal
ISIC_0014783,A1_Benign_melanocytic
ISIC_0023881,A4_Other
ISIC_0012721,A1_Benign_melanocytic
ISIC_0013767,A2_Melanoma
ISIC_0021701,A1_Benign_melanocytic
ISIC_0009938,A1_Benign_melanocytic
ISIC_0016023,A1_Benign_melanocytic
ISIC_0014694,A1_Benign_melanocytic
ISIC_0010348,A1_Benign_melanocytic
ISIC_0010379,A2_Melanoma
ISIC_0013257,A1_Benign_melanocytic
ISIC_0002879,A1_Benign_melanocytic
ISIC_0014222,A2_Melanoma
ISIC_0000542,A1_Benign_melanocytic
ISIC_0014393,A3_Benign_epidermal
ISIC_0014987,A2_Melanoma
ISIC_0001102,A2_Melanoma
ISIC_0020548,A1_Benign_melanocytic
ISIC_0009972,A1_Benign_melanocytic
ISIC_0015381,A1_Benign_melanocytic
ISIC_0010360,A2_Melanoma
ISIC_0012768,A1_Benign_melanocytic
ISIC_0036067,A3_Benign_epidermal
ISIC_0000196,A1_Benign_melanocytic
ISIC_0021738,A1_Benign_melanocytic
ISIC_0020327,A1_Benign_melanocytic
ISIC_0014049,A2_Melanoma
ISIC_0009758,A1_Benign_melanocytic
ISIC_0010596,A2_Melanoma
ISIC_0022217,A1_Benign_melanocytic
ISIC_0010213,A1_Benign_melanocytic
ISIC_0013090,A1_Benign_melanocytic
ISIC_0002469,A1_Benign_melanocytic
ISIC_0021380,A1_Benign_melanocytic
ISIC_0000182,A1_Benign_melanocytic
ISIC_0013675,A1_Benign_melanocytic
ISIC_0014749,A1_Benign_melanocytic
ISIC_0014849,A1_Benign_melanocytic
ISIC_0019733,A1_Benign_melanocytic
ISIC_0015569,A1_Benign_melanocytic
ISIC_0000054,A2_Melanoma
ISIC_0013405,A1_Benign_melanocytic
ISIC_0018747,A1_Benign_melanocytic
ISIC_0021616,A4_Other
ISIC_0017469,A2_Melanoma
ISIC_0013072,A2_Melanoma
ISIC_0013804,A1_Benign_melanocytic
ISIC_0017415,A2_Melanoma
ISIC_0013026,A1_Benign_melanocytic
ISIC_0021762,A1_Benign_melanocytic
ISIC_0009948,A1_Benign_melanocytic
ISIC_0015163,A2_Melanoma
ISIC_0010317,A1_Benign_melanocytic
ISIC_0010177,A1_Benign_melanocytic
ISIC_0002885,A1_Benign_melanocytic
ISIC_0013988,A2_Melanoma
ISIC_0000350,A1_Benign_melanocytic
ISIC_0000423,A1_Benign_melanocytic
ISIC_0010067,A2_Melanoma
ISIC_0012455,A3_Benign_epidermal
ISIC_0009201,A1_Benign_melanocytic
ISIC_0013224,A1_Benign_melanocytic
ISIC_0014933,A1_Benign_melanocytic
ISIC_0011203,A1_Benign_melanocytic
ISIC_0010202,A1_Benign_melanocytic
ISIC_0011220,A1_Benign_melanocytic
ISIC_0014069,A1_Benign_melanocytic
ISIC_0036340,A1_Benign_melanocytic
ISIC_0010235,A2_Melanoma
ISIC_0013147,A1_Benign_melanocytic
ISIC_0036152,A1_Benign_melanocytic
ISIC_0017422,A2_Melanoma
ISIC_0015330,A1_Benign_melanocytic
ISIC_0036170,A1_Benign_melanocytic
ISIC_0036229,A1_Benign_melanocytic
ISIC_0011107,A1_Benign_melanocytic
ISIC_0015350,A1_Benign_melanocytic
ISIC_0012520,A1_Benign_melanocytic
ISIC_0016726,A1_Benign_melanocytic
ISIC_0000353,A1_Benign_melanocytic
ISIC_0012823,A1_Benign_melanocytic
ISIC_0000545,A1_Benign_melanocytic
ISIC_0013975,A2_Melanoma
ISIC_0009967,A1_Benign_melanocytic
ISIC_0012634,A1_Benign_melanocytic
ISIC_0012478,A3_Benign_epidermal
ISIC_0014325,A2_Melanoma
ISIC_0015596,A2_Melanoma
ISIC_0010056,A2_Melanoma
ISIC_0000455,A1_Benign_melanocytic
ISIC_0000193,A1_Benign_melanocytic
ISIC_0013359,A2_Melanoma
ISIC_0015155,A1_Benign_melanocytic
ISIC_0021790,A1_Benign_melanocytic
ISIC_0015408,A1_Benign_melanocytic
ISIC_0011345,A1_Benign_melanocytic
ISIC_0021786,A2_Melanoma
ISIC_0012481,A1_Benign_melanocytic
ISIC_0002975,A1_Benign_melanocytic
ISIC_0016021,A1_Benign_melanocytic
ISIC_0015270,A1_Benign_melanocytic
ISIC_0015566,A1_Benign_melanocytic
ISIC_0010441,A2_Melanoma
ISIC_0015412,A1_Benign_melanocytic
ISIC_0011173,A1_Benign_melanocytic
ISIC_0009869,A1_Benign_melanocytic
ISIC_0000498,A1_Benign_melanocytic
ISIC_0014211,A1_Benign_melanocytic
ISIC_0036127,A1_Benign_melanocytic
ISIC_0015002,A1_Benign_melanocytic
ISIC_0014814,A1_Benign_melanocytic
ISIC_0000133,A1_Benign_melanocytic
ISIC_0014431,A1_Benign_melanocytic
ISIC_0011097,A1_Benign_melanocytic
ISIC_0022851,A1_Benign_melanocytic
ISIC_0009956,A1_Benign_melanocytic
ISIC_0022856,A1_Benign_melanocytic
ISIC_0015200,A2_Melanoma
ISIC_0011171,A1_Benign_melanocytic
ISIC_0017939,A1_Benign_melanocytic
ISIC_0036301,A1_Benign_melanocytic
ISIC_0003582,A1_Benign_melanocytic
ISIC_0015980,A1_Benign_melanocytic
ISIC_0019049,A1_Benign_melanocytic
ISIC_0036219,A1_Benign_melanocytic
ISIC_0023831,A1_Benign_melanocytic
ISIC_0015018,A1_Benign_melanocytic
ISIC_0012348,A2_Melanoma
ISIC_0015973,A1_Benign_melanocytic
ISIC_0036240,A1_Benign_melanocytic
ISIC_0023557,A1_Benign_melanocytic
ISIC_0023772,A1_Benign_melanocytic
ISIC_0020935,A1_Benign_melanocytic
ISIC_0000004,A2_Melanoma
ISIC_0014535,A3_Benign_epidermal
ISIC_0014784,A2_Melanoma
ISIC_0014174,A1_Benign_melanocytic
ISIC_0023936,A1_Benign_melanocytic
ISIC_0014708,A1_Benign_melanocytic
ISIC_0014349,A2_Melanoma
ISIC_0014430,A1_Benign_melanocytic
ISIC_0013518,A2_Melanoma
ISIC_0014707,A1_Benign_melanocytic
ISIC_0011373,A1_Benign_melanocytic
ISIC_0009860,A1_Benign_melanocytic
ISIC_0011211,A1_Benign_melanocytic
ISIC_0012551,A1_Benign_melanocytic
ISIC_0010380,A2_Melanoma
ISIC_0036198,A1_Benign_melanocytic
ISIC_0013012,A1_Benign_melanocytic
ISIC_0020531,A1_Benign_melanocytic
ISIC_0010088,A1_Benign_melanocytic
ISIC_0012311,A1_Benign_melanocytic
ISIC_0036098,A2_Melanoma
ISIC_0016072,A1_Benign_melanocytic
ISIC_0020930,A1_Benign_melanocytic
ISIC_0009965,A1_Benign_melanocytic
ISIC_0022571,A2_Melanoma
ISIC_0000037,A1_Benign_melanocytic
ISIC_0036179,A1_Benign_melanocytic
ISIC_0016070,A1_Benign_melanocytic
ISIC_0000508,A1_Benign_melanocytic
ISIC_0006795,A1_Benign_melanocytic
ISIC_0004346,A1_Benign_melanocytic
ISIC_0013052,A3_Benign_epidermal
ISIC_0014769,A1_Benign_melanocytic
ISIC_0014545,A2_Melanoma
ISIC_0012756,A2_Melanoma
ISIC_0036166,A1_Benign_melanocytic
ISIC_0021251,A1_Benign_melanocytic
ISIC_0015190,A2_Melanoma
ISIC_0013499,A2_Melanoma
ISIC_0010022,A1_Benign_melanocytic
ISIC_0019320,A1_Benign_melanocytic
ISIC_0014490,A1_Benign_melanocytic
ISIC_0013056,A3_Benign_epidermal
ISIC_0014221,A2_Melanoma
ISIC_0021910,A1_Benign_melanocytic
ISIC_0010017,A1_Benign_melanocytic
ISIC_0015353,A1_Benign_melanocytic
ISIC_0000077,A2_Melanoma
ISIC_0036231,A1_Benign_melanocytic
ISIC_0023784,A1_Benign_melanocytic
ISIC_0001423,A1_Benign_melanocytic
ISIC_0010186,A1_Benign_melanocytic
ISIC_0014703,A2_Melanoma
ISIC_0013777,A2_Melanoma
ISIC_0015161,A1_Benign_melanocytic
ISIC_0000293,A2_Melanoma
ISIC_0036312,A1_Benign_melanocytic
ISIC_0019170,A1_Benign_melanocytic
ISIC_0012126,A1_Benign_melanocytic
ISIC_0012256,A1_Benign_melanocytic
ISIC_0022395,A3_Benign_epidermal
ISIC_0015284,A2_Melanoma
ISIC_0011144,A1_Benign_melanocytic
ISIC_0000517,A2_Melanoma
ISIC_0009949,A1_Benign_melanocytic
ISIC_0012258,A2_Melanoma
ISIC_0013189,A3_Benign_epidermal
ISIC_0016274,A1_Benign_melanocytic
ISIC_0022546,A1_Benign_melanocytic
ISIC_0013511,A1_Benign_melanocytic
ISIC_0023203,A1_Benign_melanocytic
ISIC_0016004,A1_Benign_melanocytic
ISIC_0013428,A1_Benign_melanocytic
ISIC_0036247,A3_Benign_epidermal
ISIC_0018611,A1_Benign_melanocytic
ISIC_0015115,A2_Melanoma
ISIC_0016052,A1_Benign_melanocytic
ISIC_0036183,A1_Benign_melanocytic
ISIC_0019628,A2_Melanoma
ISIC_0014274,A1_Benign_melanocytic
ISIC_0000220,A1_Benign_melanocytic
ISIC_0000009,A1_Benign_melanocytic
ISIC_0017444,A2_Melanoma
ISIC_0011334,A2_Melanoma
ISIC_0023779,A1_Benign_melanocytic
ISIC_0036346,A1_Benign_melanocytic
ISIC_0012405,A1_Benign_melanocytic
ISIC_0000171,A2_Melanoma
ISIC_0014735,A2_Melanoma
ISIC_0009297,A1_Benign_melanocytic
ISIC_0000251,A1_Benign_melanocytic
ISIC_0021816,A2_Melanoma
ISIC_0000203,A1_Benign_melanocytic
ISIC_0015160,A1_Benign_melanocytic
ISIC_0000020,A1_Benign_melanocytic
ISIC_0014804,A3_Benign_epidermal
ISIC_0036253,A3_Benign_epidermal
ISIC_0011123,A1_Benign_melanocytic
ISIC_0013490,A2_Melanoma
ISIC_0010498,A1_Benign_melanocytic
ISIC_0036259,A1_Benign_melanocytic
ISIC_0021103,A1_Benign_melanocytic
ISIC_0036218,A1_Benign_melanocytic
ISIC_0014743,A1_Benign_melanocytic
ISIC_0015030,A1_Benign_melanocytic
ISIC_0012653,A1_Benign_melanocytic
ISIC_0000094,A1_Benign_melanocytic
ISIC_0010590,A1_Benign_melanocytic
ISIC_0001242,A1_Benign_melanocytic
ISIC_0014583,A3_Benign_epidermal
ISIC_0036241,A1_Benign_melanocytic
ISIC_0014809,A2_Melanoma
ISIC_0018324,A1_Benign_melanocytic
ISIC_0009995,A1_Benign_melanocytic
ISIC_0008294,A1_Benign_melanocytic
ISIC_0013227,A1_Benign_melanocytic
ISIC_0021904,A1_Benign_melanocytic
ISIC_0016060,A1_Benign_melanocytic
ISIC_0022073,A2_Melanoma
ISIC_0019703,A1_Benign_melanocytic
ISIC_0008785,A1_Benign_melanocytic
ISIC_0000265,A1_Benign_melanocytic
ISIC_0013275,A1_Benign_melanocytic
ISIC_0023029,A3_Benign_epidermal
ISIC_0013310,A1_Benign_melanocytic
ISIC_0009885,A1_Benign_melanocytic
ISIC_0013120,A1_Benign_melanocytic
ISIC_0010320,A3_Benign_epidermal
ISIC_0012203,A1_Benign_melanocytic
ISIC_0012773,A3_Benign_epidermal
ISIC_0020598,A1_Benign_melanocytic
ISIC_0011349,A2_Melanoma
ISIC_0036257,A3_Benign_epidermal
ISIC_0013455,A2_Melanoma
ISIC_0020479,A1_Benign_melanocytic
ISIC_0018172,A1_Benign_melanocytic
ISIC_0013001,A1_Benign_melanocytic
ISIC_0014603,A3_Benign_epidermal
ISIC_0013216,A1_Benign_melanocytic
ISIC_0020507,A1_Benign_melanocytic
ISIC_0011155,A1_Benign_melanocytic
ISIC_0013765,A3_Benign_epidermal
ISIC_0010853,A1_Benign_melanocytic
ISIC_0000275,A1_Benign_melanocytic
ISIC_0021593,A1_Benign_melanocytic
ISIC_0023900,A2_Melanoma
ISIC_0010089,A2_Melanoma
ISIC_0009928,A1_Benign_melanocytic
ISIC_0036195,A1_Benign_melanocytic
ISIC_0010251,A2_Melanoma
ISIC_0000221,A1_Benign_melanocytic
ISIC_0009906,A1_Benign_melanocytic
ISIC_0036329,A1_Benign_melanocytic
ISIC_0009344,A1_Benign_melanocytic
ISIC_0014897,A2_Melanoma
ISIC_0001306,A1_Benign_melanocytic
ISIC_0014476,A2_Melanoma
ISIC_0000206,A1_Benign_melanocytic
ISIC_0019512,A1_Benign_melanocytic
ISIC_0017411,A2_Melanoma
ISIC_0012826,A1_Benign_melanocytic
ISIC_0013071,A1_Benign_melanocytic
ISIC_0022663,A2_Melanoma
ISIC_0014632,A3_Benign_epidermal
ISIC_0012089,A1_Benign_melanocytic
ISIC_0036204,A1_Benign_melanocytic
ISIC_0015977,A1_Benign_melanocytic
ISIC_0015510,A1_Benign_melanocytic
ISIC_0015430,A1_Benign_melanocytic
ISIC_0014651,A3_Benign_epidermal
ISIC_0036335,A1_Benign_melanocytic
ISIC_0012988,A2_Melanoma
ISIC_0015009,A1_Benign_melanocytic
ISIC_0014753,A1_Benign_melanocytic
ISIC_0010467,A1_Benign_melanocytic
ISIC_0014599,A3_Benign_epidermal
ISIC_0009891,A1_Benign_melanocytic
ISIC_0013204,A1_Benign_melanocytic
ISIC_0003539,A1_Benign_melanocytic
ISIC_0014826,A2_Melanoma
ISIC_0000150,A2_Melanoma
ISIC_0017455,A2_Melanoma
ISIC_0012539,A1_Benign_melanocytic
ISIC_0017689,A1_Benign_melanocytic
ISIC_0015069,A1_Benign_melanocytic
ISIC_0009943,A1_Benign_melanocytic
ISIC_0012680,A1_Benign_melanocytic
ISIC_0017465,A2_Melanoma
ISIC_0000321,A1_Benign_melanocytic
ISIC_0012526,A1_Benign_melanocytic
ISIC_0011322,A1_Benign_melanocytic
ISIC_0010361,A1_Benign_melanocytic
ISIC_0013831,A2_Melanoma
ISIC_0023257,A3_Benign_epidermal
ISIC_0013891,A1_Benign_melanocytic
ISIC_0014863,A1_Benign_melanocytic
ISIC_0022220,A4_Other
ISIC_0012102,A1_Benign_melanocytic
ISIC_0000458,A1_Benign_melanocytic
ISIC_0015121,A2_Melanoma
ISIC_0012804,A1_Benign_melanocytic
ISIC_0001188,A1_Benign_melanocytic
ISIC_0014263,A1_Benign_melanocytic
ISIC_0013789,A1_Benign_melanocytic
ISIC_0013948,A2_Melanoma
ISIC_0014046,A1_Benign_melanocytic
ISIC_0009955,A2_Melanoma
ISIC_0012227,A3_Benign_epidermal
ISIC_0036293,A1_Benign_melanocytic
ISIC_0023474,A3_Benign_epidermal
ISIC_0020124,A2_Melanoma
ISIC_0019481,A1_Benign_melanocytic
ISIC_0012346,A1_Benign_melanocytic
ISIC_0014698,A1_Benign_melanocytic
ISIC_0021451,A4_Other
ISIC_0015092,A1_Benign_melanocytic
ISIC_0018738,A1_Benign_melanocytic
ISIC_0020443,A1_Benign_melanocytic
ISIC_0020896,A1_Benign_melanocytic
ISIC_0000017,A1_Benign_melanocytic
ISIC_0011219,A1_Benign_melanocytic
ISIC_0010231,A2_Melanoma
ISIC_0023261,A3_Benign_epidermal
ISIC_0010016,A2_Melanoma
ISIC_0013333,A3_Benign_epidermal
ISIC_0015311,A1_Benign_melanocytic
ISIC_0010229,A1_Benign_melanocytic
ISIC_0011303,A1_Benign_melanocytic
ISIC_0023470,A1_Benign_melanocytic
ISIC_0014572,A3_Benign_epidermal
ISIC_0016041,A1_Benign_melanocytic
ISIC_0015211,A1_Benign_melanocytic
ISIC_0012679,A1_Benign_melanocytic
ISIC_0018727,A1_Benign_melanocytic
ISIC_0012746,A1_Benign_melanocytic
ISIC_0015078,A1_Benign_melanocytic
ISIC_0000012,A1_Benign_melanocytic
ISIC_0015961,A1_Benign_melanocytic
ISIC_0012948,A1_Benign_melanocytic
ISIC_0018109,A1_Benign_melanocytic
ISIC_0000183,A1_Benign_melanocytic
ISIC_0014478,A2_Melanoma
ISIC_0014526,A3_Benign_epidermal
ISIC_0000341,A1_Benign_melanocytic
ISIC_0014716,A1_Benign_melanocytic
ISIC_0000279,A2_Melanoma
ISIC_0021551,A3_Benign_epidermal
ISIC_0000175,A2_Melanoma
ISIC_0018734,A1_Benign_melanocytic
ISIC_0009921,A1_Benign_melanocytic
ISIC_0019030,A1_Benign_melanocytic
ISIC_0011088,A1_Benign_melanocytic
ISIC_0014032,A3_Benign_epidermal
ISIC_0014688,A2_Melanoma
ISIC_0015008,A1_Benign_melanocytic
ISIC_0014968,A1_Benign_melanocytic
ISIC_0021914,A4_Other
ISIC_0036095,A2_Melanoma
ISIC_0021601,A1_Benign_melanocytic
ISIC_0009923,A1_Benign_melanocytic
ISIC_0016030,A1_Benign_melanocytic
ISIC_0013395,A1_Benign_melanocytic
ISIC_0000307,A2_Melanoma
ISIC_0015462,A2_Melanoma
ISIC_0014633,A3_Benign_epidermal
ISIC_0010605,A1_Benign_melanocytic
ISIC_0013443,A3_Benign_epidermal
ISIC_0017289,A1_Benign_melanocytic
ISIC_0006914,A1_Benign_melanocytic
ISIC_0014286,A1_Benign_melanocytic
ISIC_0021187,A2_Melanoma
ISIC_0013065,A3_Benign_epidermal
ISIC_0014794,A1_Benign_melanocytic
ISIC_0014915,A1_Benign_melanocytic
ISIC_0036119,A2_Melanoma
ISIC_0015133,A2_Melanoma
ISIC_0015953,A1_Benign_melanocytic
ISIC_0014360,A2_Melanoma
ISIC_0010330,A1_Benign_melanocytic
ISIC_0010576,A2_Melanoma
ISIC_0000117,A1_Benign_melanocytic
ISIC_0009927,A2_Melanoma
ISIC_0013177,A3_Benign_epidermal
ISIC_0011164,A1_Benign_melanocytic
ISIC_0015169,A2_Melanoma
ISIC_0036118,A2_Melanoma
ISIC_0015001,A1_Benign_melanocytic
ISIC_0010333,A1_Benign_melanocytic
ISIC_0036136,A1_Benign_melanocytic
ISIC_0017883,A1_Benign_melanocytic
ISIC_0014780,A1_Benign_melanocytic
ISIC_0036287,A2_Melanoma
ISIC_0015241,A1_Benign_melanocytic
ISIC_0001185,A1_Benign_melanocytic
ISIC_0013258,A2_Melanoma
ISIC_0014428,A2_Melanoma
ISIC_0021873,A1_Benign_melanocytic
ISIC_0002616,A1_Benign_melanocytic
ISIC_0023904,A1_Benign_melanocytic
ISIC_0014731,A1_Benign_melanocytic
ISIC_0014755,A1_Benign_melanocytic
ISIC_0011338,A1_Benign_melanocytic
ISIC_0010458,A1_Benign_melanocytic
ISIC_0015050,A2_Melanoma
ISIC_0010043,A1_Benign_melanocytic
ISIC_0015463,A1_Benign_melanocytic
ISIC_0014473,A1_Benign_melanocytic
ISIC_0013150,A3_Benign_epidermal
ISIC_0001152,A2_Melanoma
ISIC_0000245,A1_Benign_melanocytic
ISIC_0010362,A1_Benign_melanocytic
ISIC_0013025,A1_Benign_melanocytic
ISIC_0014676,A1_Benign_melanocytic
ISIC_0013433,A1_Benign_melanocytic
ISIC_0013577,A2_Melanoma
ISIC_0013795,A1_Benign_melanocytic
ISIC_0010334,A1_Benign_melanocytic
ISIC_0011390,A2_Melanoma
ISIC_0015473,A1_Benign_melanocytic
ISIC_0013334,A2_Melanoma
ISIC_0014366,A2_Melanoma
ISIC_0013572,A2_Melanoma
ISIC_0012986,A3_Benign_epidermal
ISIC_0013399,A1_Benign_melanocytic
ISIC_0016012,A1_Benign_melanocytic
ISIC_0010002,A1_Benign_melanocytic
ISIC_0000039,A1_Benign_melanocytic
ISIC_0014382,A3_Benign_epidermal
ISIC_0015201,A1_Benign_melanocytic
ISIC_0022857,A1_Benign_melanocytic
ISIC_0000506,A1_Benign_melanocytic
ISIC_0014926,A1_Benign_melanocytic
ISIC_0023156,A1_Benign_melanocytic
ISIC_0012360,A1_Benign_melanocytic
ISIC_0010034,A2_Melanoma
ISIC_0022738,A1_Benign_melanocytic
ISIC_0017026,A1_Benign_melanocytic
ISIC_0013802,A1_Benign_melanocytic
ISIC_0020921,A1_Benign_melanocytic
ISIC_0036281,A2_Melanoma
ISIC_0015215,A1_Benign_melanocytic
ISIC_0000204,A1_Benign_melanocytic
ISIC_0010042,A1_Benign_melanocytic
ISIC_0014617,A3_Benign_epidermal
ISIC_0008913,A1_Benign_melanocytic
ISIC_0000366,A1_Benign_melanocytic
ISIC_0015037,A1_Benign_melanocytic
ISIC_0000466,A2_Melanoma
ISIC_0011344,A2_Melanoma
ISIC_0021114,A1_Benign_melanocytic
ISIC_0014693,A1_Benign_melanocytic
ISIC_0013815,A2_Melanoma
ISIC_0021826,A4_Other
ISIC_0019880,A1_Benign_melanocytic
ISIC_0013636,A2_Melanoma
ISIC_0023101,A1_Benign_melanocytic
ISIC_0012685,A1_Benign_melanocytic
ISIC_0015450,A1_Benign_melanocytic
ISIC_0022274,A3_Benign_epidermal
ISIC_0009971,A2_Melanoma
ISIC_0022041,A1_Benign_melanocytic
ISIC_0022313,A2_Melanoma
ISIC_0013220,A1_Benign_melanocytic
ISIC_0020798,A1_Benign_melanocytic
ISIC_0023901,A2_Melanoma
ISIC_0012288,A2_Melanoma
ISIC_0015146,A1_Benign_melanocytic
ISIC_0014642,A3_Benign_epidermal
ISIC_0036331,A1_Benign_melanocytic
ISIC_0000028,A1_Benign_melanocytic
ISIC_0010340,A1_Benign_melanocytic
ISIC_0010593,A1_Benign_melanocytic
ISIC_0000224,A1_Benign_melanocytic
ISIC_0000063,A1_Benign_melanocytic
ISIC_0000115,A1_Benign_melanocytic
ISIC_0017451,A2_Melanoma
ISIC_0012313,A1_Benign_melanocytic
ISIC_0014652,A3_Benign_epidermal
ISIC_0000097,A1_Benign_melanocytic
ISIC_0020879,A1_Benign_melanocytic
ISIC_0012591,A1_Benign_melanocytic
ISIC_0021270,A1_Benign_melanocytic
ISIC_0017428,A2_Melanoma
ISIC_0013667,A3_Benign_epidermal
ISIC_0012701,A2_Melanoma
ISIC_0012285,A1_Benign_melanocytic
ISIC_0023159,A3_Benign_epidermal
ISIC_0014372,A2_Melanoma
ISIC_0000127,A1_Benign_melanocytic
ISIC_0014720,A1_Benign_melanocytic
ISIC_0023912,A1_Benign_melanocytic
ISIC_0036265,A1_Benign_melanocytic
ISIC_0014529,A1_Benign_melanocytic
ISIC_0015144,A1_Benign_melanocytic
ISIC_0008207,A1_Benign_melanocytic
ISIC_0036313,A1_Benign_melanocytic
ISIC_0000474,A1_Benign_melanocytic
ISIC_0010239,A1_Benign_melanocytic
ISIC_0020508,A1_Benign_melanocytic
ISIC_0015485,A1_Benign_melanocytic
ISIC_0010585,A1_Benign_melanocytic
ISIC_0036172,A1_Benign_melanocytic
ISIC_0014290,A2_Melanoma
ISIC_0015243,A2_Melanoma
ISIC_0022550,A1_Benign_melanocytic
ISIC_0036150,A1_Benign_melanocytic
ISIC_0000041,A1_Benign_melanocytic
ISIC_0014547,A1_Benign_melanocytic
ISIC_0006114,A1_Benign_melanocytic
ISIC_0013169,A3_Benign_epidermal
ISIC_0011385,A1_Benign_melanocytic
ISIC_0000003,A1_Benign_melanocytic
ISIC_0019519,A1_Benign_melanocytic
ISIC_0013676,A1_Benign_melanocytic
ISIC_0009941,A1_Benign_melanocytic
ISIC_0010357,A1_Benign_melanocytic
ISIC_0018415,A1_Benign_melanocytic
ISIC_0015254,A1_Benign_melanocytic
ISIC_0010227,A1_Benign_melanocytic
ISIC_0015964,A1_Benign_melanocytic
ISIC_0010567,A1_Benign_melanocytic
ISIC_0000153,A2_Melanoma
ISIC_0019135,A1_Benign_melanocytic
ISIC_0021647,A2_Melanoma
ISIC_0010857,A1_Benign_melanocytic
ISIC_0014229,A2_Melanoma
ISIC_0015621,A1_Benign_melanocytic
ISIC_0017750,A1_Benign_melanocytic
ISIC_0021449,A1_Benign_melanocytic
ISIC_0013568,A1_Benign_melanocytic
ISIC_0036291,A1_Benign_melanocytic
ISIC_0000073,A1_Benign_melanocytic
ISIC_0000217,A1_Benign_melanocytic
ISIC_0024191,A3_Benign_epidermal
ISIC_0018521,A1_Benign_melanocytic
ISIC_0010444,A1_Benign_melanocytic
ISIC_0015981,A1_Benign_melanocytic
ISIC_0010862,A2_Melanoma
ISIC_0014546,A2_Melanoma
ISIC_0036202,A1_Benign_melanocytic
ISIC_0036302,A1_Benign_melanocytic
ISIC_0015967,A1_Benign_melanocytic
ISIC_0036145,A1_Benign_melanocytic
ISIC_0000534,A1_Benign_melanocytic
ISIC_0012897,A1_Benign_melanocytic
ISIC_0022917,A3_Benign_epidermal
ISIC_0000361,A1_Benign_melanocytic
ISIC_0001286,A1_Benign_melanocytic
ISIC_0018336,A1_Benign_melanocytic
ISIC_0016019,A1_Benign_melanocytic
ISIC_0015983,A1_Benign_melanocytic
ISIC_0013480,A1_Benign_melanocytic
ISIC_0015207,A1_Benign_melanocytic
ISIC_0000495,A1_Benign_melanocytic
ISIC_0036209,A1_Benign_melanocytic
ISIC_0012160,A1_Benign_melanocytic
ISIC_0015109,A2_Melanoma
ISIC_0010554,A1_Benign_melanocytic
ISIC_0002806,A1_Benign_melanocytic
ISIC_0036317,A1_Benign_melanocytic
ISIC_0013302,A1_Benign_melanocytic
ISIC_0011324,A1_Benign_melanocytic
ISIC_0015029,A1_Benign_melanocytic
ISIC_0021833,A3_Benign_epidermal
ISIC_0014723,A3_Benign_epidermal
ISIC_0010565,A1_Benign_melanocytic
ISIC_0014131,A1_Benign_melanocytic
ISIC_0013271,A3_Benign_epidermal
ISIC_0000271,A1_Benign_melanocytic
ISIC_0015085,A1_Benign_melanocytic
ISIC_0015417,A1_Benign_melanocytic
ISIC_0019366,A1_Benign_melanocytic
ISIC_0022210,A1_Benign_melanocytic
ISIC_0013035,A3_Benign_epidermal
ISIC_0023911,A1_Benign_melanocytic
ISIC_0011378,A1_Benign_melanocytic
ISIC_0008600,A1_Benign_melanocytic
ISIC_0000264,A1_Benign_melanocytic
ISIC_0014441,A1_Benign_melanocytic
ISIC_0019736,A1_Benign_melanocytic
ISIC_0013096,A1_Benign_melanocytic
ISIC_0008807,A1_Benign_melanocytic
ISIC_0012813,A3_Benign_epidermal
ISIC_0014815,A1_Benign_melanocytic
ISIC_0036215,A1_Benign_melanocytic
ISIC_0036268,A1_Benign_melanocytic
ISIC_0000013,A2_Melanoma
ISIC_0014759,A1_Benign_melanocytic
ISIC_0000096,A1_Benign_melanocytic
ISIC_0018436,A1_Benign_melanocytic
ISIC_0013429,A2_Melanoma
ISIC_0023164,A2_Melanoma
ISIC_0015583,A1_Benign_melanocytic
ISIC_0019992,A1_Benign_melanocytic
ISIC_0023836,A2_Melanoma
ISIC_0014782,A1_Benign_melanocytic
ISIC_0014675,A1_Benign_melanocytic
ISIC_0000344,A1_Benign_melanocytic
ISIC_0015174,A1_Benign_melanocytic
ISIC_0013984,A2_Melanoma
ISIC_0021440,A2_Melanoma
ISIC_0000066,A1_Benign_melanocytic
ISIC_0013118,A1_Benign_melanocytic
ISIC_0036182,A1_Benign_melanocytic
ISIC_0014976,A1_Benign_melanocytic
ISIC_0009953,A1_Benign_melanocytic
ISIC_0014637,A3_Benign_epidermal
ISIC_0014684,A1_Benign_melanocytic
ISIC_0012143,A3_Benign_epidermal
ISIC_0012713,A1_Benign_melanocytic
ISIC_0012148,A1_Benign_melanocytic
ISIC_0016027,A1_Benign_melanocytic
ISIC_0023575,A2_Melanoma
ISIC_0000415,A2_Melanoma
ISIC_0011224,A1_Benign_melanocytic
ISIC_0013128,A1_Benign_melanocytic
ISIC_0013086,A1_Benign_melanocytic
ISIC_0014657,A1_Benign_melanocytic
ISIC_0036201,A1_Benign_melanocytic
ISIC_0013559,A1_Benign_melanocytic
ISIC_0012105,A1_Benign_melanocytic
ISIC_0016911,A2_Melanoma
ISIC_0011119,A1_Benign_melanocytic
ISIC_0000172,A2_Melanoma
ISIC_0013487,A1_Benign_melanocytic
ISIC_0023358,A1_Benign_melanocytic
ISIC_0015606,A2_Melanoma
ISIC_0000225,A1_Benign_melanocytic
ISIC_0019067,A1_Benign_melanocytic
ISIC_0000000,A1_Benign_melanocytic
ISIC_0010011,A2_Melanoma
ISIC_0013772,A1_Benign_melanocytic
ISIC_0010603,A1_Benign_melanocytic
ISIC_0015294,A1_Benign_melanocytic
ISIC_0015020,A1_Benign_melanocytic
ISIC_0015023,A1_Benign_melanocytic
ISIC_0009981,A1_Benign_melanocytic
ISIC_0014677,A1_Benign_melanocytic
ISIC_0000425,A1_Benign_melanocytic
ISIC_0013615,A2_Melanoma
ISIC_0012406,A1_Benign_melanocytic
ISIC_0000205,A1_Benign_melanocytic
ISIC_0010226,A1_Benign_melanocytic
ISIC_0011374,A2_Melanoma
ISIC_0005548,A1_Benign_melanocytic
ISIC_0013897,A1_Benign_melanocytic
ISIC_0014697,A1_Benign_melanocytic
ISIC_0000343,A1_Benign_melanocytic
ISIC_0000555,A2_Melanoma
ISIC_0012136,A3_Benign_epidermal
ISIC_0010013,A1_Benign_melanocytic
ISIC_0010570,A1_Benign_melanocytic
ISIC_0036178,A1_Benign_melanocytic
ISIC_0036223,A1_Benign_melanocytic
ISIC_0005247,A1_Benign_melanocytic
ISIC_0015013,A1_Benign_melanocytic
ISIC_0010367,A1_Benign_melanocytic
ISIC_0012484,A1_Benign_melanocytic
ISIC_0000104,A1_Benign_melanocytic
ISIC_0012547,A1_Benign_melanocytic
ISIC_0036191,A1_Benign_melanocytic
ISIC_0013166,A3_Benign_epidermal
ISIC_0012940,A1_Benign_melanocytic
ISIC_0011161,A2_Melanoma
ISIC_0036080,A2_Melanoma
ISIC_0000360,A1_Benign_melanocytic
ISIC_0015524,A1_Benign_melanocytic
ISIC_0023121,A3_Benign_epidermal
ISIC_0011176,A2_Melanoma
ISIC_0007241,A1_Benign_melanocytic
ISIC_0014853,A1_Benign_melanocytic
ISIC_0010070,A1_Benign_melanocytic
ISIC_0000047,A1_Benign_melanocytic
ISIC_0036187,A1_Benign_melanocytic
ISIC_0019133,A1_Benign_melanocytic
ISIC_0000062,A1_Benign_melanocytic
ISIC_0013819,A1_Benign_melanocytic
ISIC_0001367,A1_Benign_melanocytic
ISIC_0015102,A1_Benign_melanocytic
ISIC_0010037,A1_Benign_melanocytic
ISIC_0020865,A1_Benign_melanocytic
ISIC_0023553,A2_Melanoma
ISIC_0014114,A1_Benign_melanocytic
ISIC_0000340,A1_Benign_melanocytic
ISIC_0023211,A1_Benign_melanocytic
ISIC_0010060,A1_Benign_melanocytic
ISIC_0000354,A1_Benign_melanocytic
ISIC_0011121,A2_Melanoma
ISIC_0009533,A1_Benign_melanocytic
ISIC_0012585,A1_Benign_melanocytic
ISIC_0011079,A1_Benign_melanocytic
ISIC_0010252,A1_Benign_melanocytic
ISIC_0000521,A2_Melanoma
ISIC_0015142,A2_Melanoma
ISIC_0013712,A1_Benign_melanocytic
ISIC_0010595,A1_Benign_melanocytic
ISIC_0011157,A1_Benign_melanocytic
ISIC_0014347,A2_Melanoma
ISIC_0015003,A1_Benign_melanocytic
ISIC_0014458,A1_Benign_melanocytic
ISIC_0015166,A2_Melanoma
ISIC_0009917,A1_Benign_melanocytic
ISIC_0011348,A2_Melanoma
ISIC_0009888,A1_Benign_melanocytic
ISIC_0022192,A3_Benign_epidermal
ISIC_0015035,A1_Benign_melanocytic
ISIC_0009914,A1_Benign_melanocytic
ISIC_0013364,A3_Benign_epidermal
ISIC_0013835,A1_Benign_melanocytic
ISIC_0010382,A1_Benign_melanocytic
ISIC_0021448,A1_Benign_melanocytic
ISIC_0014502,A1_Benign_melanocytic
ISIC_0014949,A1_Benign_melanocytic
ISIC_0010566,A4_Other
ISIC_0000177,A1_Benign_melanocytic
ISIC_0010228,A1_Benign_melanocytic
ISIC_0009974,A1_Benign_melanocytic
ISIC_0011372,A1_Benign_melanocytic
ISIC_0003805,A1_Benign_melanocytic
ISIC_0014714,A1_Benign_melanocytic
ISIC_0019334,A2_Melanoma
ISIC_0000179,A1_Benign_melanocytic
ISIC_0036106,A2_Melanoma
ISIC_0012179,A1_Benign_melanocytic
ISIC_0017073,A1_Benign_melanocytic
ISIC_0010374,A1_Benign_melanocytic
ISIC_0018744,A1_Benign_melanocytic
ISIC_0021618,A4_Other
ISIC_0000249,A1_Benign_melanocytic
ISIC_0019675,A1_Benign_melanocytic
ISIC_0014961,A1_Benign_melanocytic
ISIC_0036155,A1_Benign_melanocytic
ISIC_0014489,A2_Melanoma
ISIC_0000190,A1_Benign_melanocytic
ISIC_0012245,A3_Benign_epidermal
ISIC_0010850,A1_Benign_melanocytic
ISIC_0021156,A1_Benign_melanocytic
ISIC_0020373,A1_Benign_melanocytic
ISIC_0010589,A1_Benign_melanocytic
ISIC_0000038,A1_Benign_melanocytic
ISIC_0021035,A4_Other
ISIC_0020951,A1_Benign_melanocytic
ISIC_0017069,A1_Benign_melanocytic
ISIC_0022733,A1_Benign_melanocytic
ISIC_0023762,A2_Melanoma
ISIC_0021452,A4_Other
ISIC_0009083,A1_Benign_melanocytic
ISIC_0000128,A1_Benign_melanocytic
ISIC_0012379,A3_Benign_epidermal
ISIC_0010864,A1_Benign_melanocytic
ISIC_0018580,A1_Benign_melanocytic
ISIC_0012550,A1_Benign_melanocytic
ISIC_0015060,A1_Benign_melanocytic
ISIC_0014163,A2_Melanoma
ISIC_0010094,A2_Melanoma
ISIC_0000202,A1_Benign_melanocytic
ISIC_0013425,A1_Benign_melanocytic
ISIC_0010602,A1_Benign_melanocytic
ISIC_0013525,A2_Melanoma
ISIC_0023013,A1_Benign_melanocytic
ISIC_0014931,A2_Melanoma
ISIC_0020009,A1_Benign_melanocytic
ISIC_0000219,A1_Benign_melanocytic
ISIC_0020663,A1_Benign_melanocytic
ISIC_0010473,A1_Benign_melanocytic
ISIC_0011295,A2_Melanoma
ISIC_0036323,A1_Benign_melanocytic
ISIC_0014423,A2_Melanoma
ISIC_0014397,A3_Benign_epidermal
ISIC_0016058,A1_Benign_melanocytic
ISIC_0000201,A1_Benign_melanocytic
ISIC_0036094,A2_Melanoma
ISIC_0023379,A4_Other
ISIC_0011228,A1_Benign_melanocytic
ISIC_0022308,A2_Melanoma
ISIC_0012400,A1_Benign_melanocytic
ISIC_0014336,A2_Melanoma
ISIC_0011383,A1_Benign_melanocytic
ISIC_0000386,A1_Benign_melanocytic
ISIC_0036144,A1_Benign_melanocytic
ISIC_0013594,A2_Melanoma
ISIC_0010319,A2_Melanoma
ISIC_0023783,A1_Benign_melanocytic
ISIC_0014542,A2_Melanoma
ISIC_0014077,A2_Melanoma
ISIC_0013867,A2_Melanoma
ISIC_0015273,A1_Benign_melanocytic
ISIC_0000081,A1_Benign_melanocytic
ISIC_0036270,A2_Melanoma
ISIC_0000303,A2_Melanoma
ISIC_0012888,A1_Benign_melanocytic
ISIC_0015185,A2_Melanoma
ISIC_0022659,A3_Benign_epidermal
ISIC_0012704,A3_Benign_epidermal
ISIC_0014635,A3_Benign_epidermal
ISIC_0008528,A1_Benign_melanocytic
ISIC_0017341,A1_Benign_melanocytic
ISIC_0018484,A1_Benign_melanocytic
ISIC_0014680,A1_Benign_melanocytic
ISIC_0012518,A1_Benign_melanocytic
ISIC_0012930,A2_Melanoma
ISIC_0017268,A1_Benign_melanocytic
ISIC_0036206,A1_Benign_melanocytic
ISIC_0012932,A3_Benign_epidermal
ISIC_0015237,A1_Benign_melanocytic
ISIC_0017431,A2_Melanoma
ISIC_0010244,A1_Benign_melanocytic
ISIC_0015310,A1_Benign_melanocytic
ISIC_0023481,A1_Benign_melanocytic
ISIC_0012889,A3_Benign_epidermal
ISIC_0019910,A1_Benign_melanocytic
ISIC_0000129,A1_Benign_melanocytic
ISIC_0012627,A1_Benign_melanocytic
ISIC_0010212,A1_Benign_melanocytic
ISIC_0018799,A1_Benign_melanocytic
ISIC_0010171,A2_Melanoma
ISIC_0010066,A1_Benign_melanocytic
ISIC_0010335,A1_Benign_melanocytic
ISIC_0021604,A1_Benign_melanocytic
ISIC_0002251,A1_Benign_melanocytic
ISIC_0013170,A3_Benign_epidermal
ISIC_0014848,A1_Benign_melanocytic
ISIC_0014480,A2_Melanoma
ISIC_0014129,A2_Melanoma
ISIC_0000500,A1_Benign_melanocytic
ISIC_0020550,A1_Benign_melanocytic
ISIC_0001292,A1_Benign_melanocytic
ISIC_0021260,A1_Benign_melanocytic
ISIC_0012976,A1_Benign_melanocytic
ISIC_0011347,A1_Benign_melanocytic
ISIC_0020601,A1_Benign_melanocytic
ISIC_0007760,A1_Benign_melanocytic
ISIC_0000352,A1_Benign_melanocytic
ISIC_0021036,A4_Other
ISIC_0036159,A2_Melanoma
ISIC_0014808,A1_Benign_melanocytic
ISIC_0012856,A3_Benign_epidermal
ISIC_0014928,A2_Melanoma
ISIC_0010496,A1_Benign_melanocytic
ISIC_0036260,A2_Melanoma
ISIC_0023207,A3_Benign_epidermal
ISIC_0013798,A1_Benign_melanocytic
ISIC_0013172,A1_Benign_melanocytic
ISIC_0001769,A1_Benign_melanocytic
ISIC_0015951,A1_Benign_melanocytic
ISIC_0016026,A1_Benign_melanocytic
ISIC_0021202,A1_Benign_melanocytic
ISIC_0036226,A1_Benign_melanocytic
ISIC_0000407,A1_Benign_melanocytic
ISIC_0036236,A1_Benign_melanocytic
ISIC_0000240,A1_Benign_melanocytic
ISIC_0015026,A1_Benign_melanocytic
ISIC_0000532,A1_Benign_melanocytic
ISIC_0009950,A2_Melanoma
ISIC_0000051,A1_Benign_melanocytic
ISIC_0017427,A2_Melanoma
ISIC_0015129,A1_Benign_melanocytic
ISIC_0011110,A1_Benign_melanocytic
ISIC_0014291,A2_Melanoma
ISIC_0000102,A1_Benign_melanocytic
ISIC_0010204,A1_Benign_melanocytic
ISIC_0014117,A1_Benign_melanocytic
ISIC_0036186,A1_Benign_melanocytic
ISIC_0017675,A1_Benign_melanocytic
ISIC_0009994,A1_Benign_melanocytic
ISIC_0010854,A1_Benign_melanocytic
ISIC_0023813,A1_Benign_melanocytic
ISIC_0010462,A1_Benign_melanocytic
ISIC_0022623,A4_Other
ISIC_0014073,A1_Benign_melanocytic
ISIC_0019695,A1_Benign_melanocytic
ISIC_0015232,A1_Benign_melanocytic
ISIC_0022335,A1_Benign_melanocytic
ISIC_0022845,A1_Benign_melanocytic
ISIC_0017693,A1_Benign_melanocytic
ISIC_0009873,A1_Benign_melanocytic
ISIC_0008406,A1_Benign_melanocytic
ISIC_0015492,A1_Benign_melanocytic
ISIC_0015125,A1_Benign_melanocytic
ISIC_0014872,A2_Melanoma
ISIC_0014807,A1_Benign_melanocytic
ISIC_0020972,A1_Benign_melanocytic
ISIC_0011393,A1_Benign_melanocytic
ISIC_0013160,A3_Benign_epidermal
ISIC_0016064,A1_Benign_melanocytic
ISIC_0019528,A1_Benign_melanocytic
ISIC_0000163,A2_Melanoma
ISIC_0011363,A1_Benign_melanocytic
ISIC_0013981,A3_Benign_epidermal
ISIC_0023309,A2_Melanoma
ISIC_0000247,A1_Benign_melanocytic
ISIC_0022572,A2_Melanoma
ISIC_0013517,A1_Benign_melanocytic
ISIC_0036220,A1_Benign_melanocytic
ISIC_0000419,A1_Benign_melanocytic
ISIC_0010607,A1_Benign_melanocytic
ISIC_0002287,A1_Benign_melanocytic
ISIC_0015602,A1_Benign_melanocytic
ISIC_0015015,A1_Benign_melanocytic
ISIC_0036175,A1_Benign_melanocytic
ISIC_0019935,A1_Benign_melanocytic
ISIC_0010553,A1_Benign_melanocytic
ISIC_0009877,A1_Benign_melanocytic
ISIC_0012803,A1_Benign_melanocytic
ISIC_0009583,A1_Benign_melanocytic
ISIC_0012684,A1_Benign_melanocytic
ISIC_0011199,A1_Benign_melanocytic
ISIC_0000198,A1_Benign_melanocytic
ISIC_0001186,A1_Benign_melanocytic
ISIC_0011156,A1_Benign_melanocytic
ISIC_0012506,A1_Benign_melanocytic
ISIC_0000306,A2_Melanoma
ISIC_0013837,A1_Benign_melanocytic
ISIC_0000522,A2_Melanoma
ISIC_0015455,A1_Benign_melanocytic
ISIC_0010494,A1_Benign_melanocytic
ISIC_0016035,A1_Benign_melanocytic
ISIC_0015167,A2_Melanoma
ISIC_0014029,A3_Benign_epidermal
ISIC_0015641,A1_Benign_melanocytic
ISIC_0000093,A1_Benign_melanocytic
ISIC_0000167,A2_Melanoma
ISIC_0014908,A1_Benign_melanocytic
ISIC_0013962,A1_Benign_melanocytic
ISIC_0016046,A1_Benign_melanocytic
ISIC_0013054,A3_Benign_epidermal
ISIC_0012330,A3_Benign_epidermal
ISIC_0000348,A1_Benign_melanocytic
ISIC_0010598,A1_Benign_melanocytic
ISIC_0014958,A1_Benign_melanocytic
ISIC_0000377,A1_Benign_melanocytic
ISIC_0013782,A3_Benign_epidermal
ISIC_0015256,A2_Melanoma
ISIC_0013340,A1_Benign_melanocytic
ISIC_0018209,A1_Benign_melanocytic
ISIC_0000187,A1_Benign_melanocytic
ISIC_0014486,A2_Melanoma
ISIC_0021570,A4_Other
ISIC_0013356,A1_Benign_melanocytic
ISIC_0010263,A1_Benign_melanocytic
ISIC_0023396,A2_Melanoma
ISIC_0015224,A1_Benign_melanocytic
ISIC_0036347,A1_Benign_melanocytic
ISIC_0012442,A1_Benign_melanocytic
ISIC_0011304,A1_Benign_melanocytic
ISIC_0001181,A1_Benign_melanocytic
ISIC_0010238,A1_Benign_melanocytic
ISIC_0010569,A1_Benign_melanocytic
ISIC_0000501,A1_Benign_melanocytic
ISIC_0022160,A4_Other
ISIC_0013910,A3_Benign_epidermal
ISIC_0010455,A1_Benign_melanocytic
ISIC_0006350,A1_Benign_melanocytic
ISIC_0024043,A1_Benign_melanocytic
ISIC_0036286,A2_Melanoma
ISIC_0011210,A2_Melanoma
ISIC_0000140,A2_Melanoma
ISIC_0012957,A1_Benign_melanocytic
ISIC_0036128,A1_Benign_melanocytic
ISIC_0012259,A1_Benign_melanocytic
ISIC_0000169,A2_Melanoma
ISIC_0012548,A3_Benign_epidermal
ISIC_0009904,A1_Benign_melanocytic
ISIC_0024139,A3_Benign_epidermal
ISIC_0015970,A1_Benign_melanocytic
ISIC_0009961,A1_Benign_melanocytic
ISIC_0023506,A2_Melanoma
ISIC_0021342,A1_Benign_melanocytic
ISIC_0016015,A1_Benign_melanocytic
ISIC_0009160,A1_Benign_melanocytic
ISIC_0014818,A1_Benign_melanocytic
ISIC_0015483,A1_Benign_melanocytic
ISIC_0010021,A1_Benign_melanocytic
ISIC_0010860,A2_Melanoma
ISIC_0013580,A3_Benign_epidermal
ISIC_0023916,A1_Benign_melanocytic
ISIC_0011327,A1_Benign_melanocytic
ISIC_0022436,A3_Benign_epidermal
ISIC_0036267,A1_Benign_melanocytic
ISIC_0000290,A2_Melanoma
ISIC_0019463,A1_Benign_melanocytic
ISIC_0015175,A1_Benign_melanocytic
ISIC_0013023,A1_Benign_melanocytic
ISIC_0014932,A2_Melanoma
ISIC_0009889,A1_Benign_melanocytic
ISIC_0014728,A1_Benign_melanocytic
ISIC_0017412,A2_Melanoma
ISIC_0036174,A1_Benign_melanocytic
ISIC_0015478,A2_Melanoma
ISIC_0019385,A1_Benign_melanocytic
ISIC_0022662,A2_Melanoma
ISIC_0036306,A1_Benign_melanocytic
ISIC_0000223,A1_Benign_melanocytic
ISIC_0013143,A1_Benign_melanocytic
ISIC_0013390,A1_Benign_melanocytic
ISIC_0022558,A3_Benign_epidermal
ISIC_0012213,A1_Benign_melanocytic
ISIC_0011101,A1_Benign_melanocytic
ISIC_0036154,A1_Benign_melanocytic
ISIC_0014577,A3_Benign_epidermal
ISIC_0018929,A1_Benign_melanocytic
ISIC_0020420,A1_Benign_melanocytic
ISIC_0000358,A1_Benign_melanocytic
ISIC_0012494,A1_Benign_melanocytic
ISIC_0014740,A1_Benign_melanocytic
ISIC_0015404,A1_Benign_melanocytic
ISIC_0036217,A1_Benign_melanocytic
ISIC_0001103,A2_Melanoma
ISIC_0015136,A2_Melanoma
ISIC_0011296,A1_Benign_melanocytic
ISIC_0000448,A1_Benign_melanocytic
ISIC_0021751,A1_Benign_melanocytic
ISIC_0023381,A1_Benign_melanocytic
ISIC_0010225,A2_Melanoma
ISIC_0013603,A1_Benign_melanocytic
ISIC_0000374,A1_Benign_melanocytic
ISIC_0012905,A1_Benign_melanocytic
ISIC_0009940,A1_Benign_melanocytic
ISIC_0015360,A1_Benign_melanocytic
ISIC_0023920,A1_Benign_melanocytic
ISIC_0012473,A3_Benign_epidermal
ISIC_0002459,A1_Benign_melanocytic
ISIC_0036164,A1_Benign_melanocytic
ISIC_0013010,A1_Benign_melanocytic
ISIC_0021688,A2_Melanoma
ISIC_0013922,A1_Benign_melanocytic
ISIC_0012107,A1_Benign_melanocytic
ISIC_0023226,A1_Benign_melanocytic
ISIC_0014729,A1_Benign_melanocytic
ISIC_0018339,A2_Melanoma
ISIC_0036242,A1_Benign_melanocytic
ISIC_0012479,A1_Benign_melanocytic
ISIC_0002353,A1_Benign_melanocytic
ISIC_0014219,A2_Melanoma
ISIC_0036088,A2_Melanoma
ISIC_0000351,A1_Benign_melanocytic
ISIC_0020353,A1_Benign_melanocytic
ISIC_0022849,A1_Benign_melanocytic
ISIC_0010488,A1_Benign_melanocytic
ISIC_0001299,A1_Benign_melanocytic
ISIC_0015985,A1_Benign_melanocytic
ISIC_0014037,A2_Melanoma
ISIC_0016036,A1_Benign_melanocytic
ISIC_0024054,A3_Benign_epidermal
ISIC_0012789,A1_Benign_melanocytic
ISIC_0000494,A1_Benign_melanocytic
ISIC_0009915,A1_Benign_melanocytic
ISIC_0024032,A2_Melanoma
ISIC_0012210,A3_Benign_epidermal
ISIC_0036173,A1_Benign_melanocytic
ISIC_0016053,A1_Benign_melanocytic
ISIC_0012450,A2_Melanoma
ISIC_0013458,A3_Benign_epidermal
ISIC_0036190,A1_Benign_melanocytic
ISIC_0014713,A1_Benign_melanocytic
ISIC_0000024,A1_Benign_melanocytic
ISIC_0000314,A2_Melanoma
ISIC_0012700,A1_Benign_melanocytic
ISIC_0015997,A1_Benign_melanocytic
ISIC_0013032,A1_Benign_melanocytic
ISIC_0009918,A2_Melanoma
ISIC_0001254,A1_Benign_melanocytic
ISIC_0013314,A1_Benign_melanocytic
ISIC_0014500,A3_Benign_epidermal
ISIC_0022009,A2_Melanoma
ISIC_0036325,A1_Benign_melanocytic
ISIC_0036171,A1_Benign_melanocytic
ISIC_0000491,A1_Benign_melanocytic
ISIC_0019307,A1_Benign_melanocytic
ISIC_0010044,A1_Benign_melanocytic
ISIC_0012357,A1_Benign_melanocytic
ISIC_0008116,A1_Benign_melanocytic
ISIC_0013045,A1_Benign_melanocytic
ISIC_0014162,A1_Benign_melanocytic
ISIC_0013311,A1_Benign_melanocytic
ISIC_0015395,A1_Benign_melanocytic
ISIC_0010183,A1_Benign_melanocytic
ISIC_0000100,A1_Benign_melanocytic
ISIC_0014770,A3_Benign_epidermal
ISIC_0000388,A1_Benign_melanocytic
ISIC_0015355,A1_Benign_melanocytic
ISIC_0014157,A2_Melanoma
ISIC_0012941,A1_Benign_melanocytic
ISIC_0014586,A3_Benign_epidermal
ISIC_0014725,A1_Benign_melanocytic
ISIC_0011213,A1_Benign_melanocytic
ISIC_0000078,A2_Melanoma
ISIC_0010233,A1_Benign_melanocytic
ISIC_0036194,A1_Benign_melanocytic
ISIC_0013929,A3_Benign_epidermal
ISIC_0023371,A2_Melanoma
ISIC_0023283,A2_Melanoma
ISIC_0000342,A1_Benign_melanocytic
ISIC_0016057,A1_Benign_melanocytic
ISIC_0015949,A1_Benign_melanocytic
ISIC_0022203,A3_Benign_epidermal
ISIC_0000456,A1_Benign_melanocytic
ISIC_0021195,A3_Benign_epidermal
ISIC_0036114,A2_Melanoma
ISIC_0036104,A2_Melanoma
ISIC_0013031,A1_Benign_melanocytic
ISIC_0023202,A1_Benign_melanocytic
ISIC_0012204,A3_Benign_epidermal
ISIC_0012836,A1_Benign_melanocytic
ISIC_0000999,A1_Benign_melanocytic
ISIC_0023696,A1_Benign_melanocytic
ISIC_0012151,A2_Melanoma
ISIC_0012489,A1_Benign_melanocytic
ISIC_0036214,A1_Benign_melanocytic
ISIC_0010018,A1_Benign_melanocytic
ISIC_0000363,A1_Benign_melanocytic
ISIC_0016186,A1_Benign_melanocytic
ISIC_0014574,A3_Benign_epidermal
ISIC_0013087,A1_Benign_melanocytic
ISIC_0014506,A2_Melanoma
ISIC_0001296,A1_Benign_melanocytic
ISIC_0015999,A1_Benign_melanocytic
ISIC_0015974,A1_Benign_melanocytic
ISIC_0011167,A1_Benign_melanocytic
ISIC_0012235,A1_Benign_melanocytic
ISIC_0014158,A1_Benign_melanocytic
ISIC_0015173,A1_Benign_melanocytic
ISIC_0014742,A1_Benign_melanocytic
ISIC_0019423,A2_Melanoma
ISIC_0012735,A1_Benign_melanocytic
ISIC_0012698,A1_Benign_melanocytic
ISIC_0000034,A1_Benign_melanocytic
ISIC_0015570,A1_Benign_melanocytic
ISIC_0036139,A1_Benign_melanocytic
ISIC_0036149,A1_Benign_melanocytic
ISIC_0020235,A1_Benign_melanocytic
ISIC_0018949,A1_Benign_melanocytic
ISIC_0000045,A1_Benign_melanocytic
ISIC_0011305,A2_Melanoma
ISIC_0019816,A1_Benign_melanocytic
ISIC_0010174,A2_Melanoma
ISIC_0016197,A1_Benign_melanocytic
ISIC_0036235,A1_Benign_melanocytic
ISIC_0015991,A1_Benign_melanocytic
ISIC_0007557,A1_Benign_melanocytic
ISIC_0013196,A1_Benign_melanocytic
ISIC_0013578,A2_Melanoma
ISIC_0010019,A1_Benign_melanocytic
ISIC_0022650,A1_Benign_melanocytic
ISIC_0014527,A2_Melanoma
ISIC_0000287,A2_Melanoma
ISIC_0036222,A1_Benign_melanocytic
ISIC_0036295,A1_Benign_melanocytic
ISIC_0010184,A1_Benign_melanocytic
ISIC_0000339,A1_Benign_melanocytic
ISIC_0017990,A1_Benign_melanocytic
ISIC_0000481,A1_Benign_melanocytic
ISIC_0013114,A1_Benign_melanocytic
ISIC_0036129,A1_Benign_melanocytic
ISIC_0012415,A3_Benign_epidermal
ISIC_0015189,A2_Melanoma
ISIC_0036102,A2_Melanoma
ISIC_0013427,A2_Melanoma
ISIC_0021765,A3_Benign_epidermal
ISIC_0010220,A1_Benign_melanocytic
ISIC_0015258,A1_Benign_melanocytic
ISIC_0013709,A3_Benign_epidermal
ISIC_0013529,A1_Benign_melanocytic
ISIC_0014806,A3_Benign_epidermal
ISIC_0023316,A2_Melanoma
ISIC_0013498,A1_Benign_melanocytic
ISIC_0014525,A2_Melanoma
ISIC_0010492,A1_Benign_melanocytic
ISIC_0014422,A2_Melanoma
ISIC_0009969,A1_Benign_melanocytic
ISIC_0023264,A2_Melanoma
ISIC_0010323,A4_Other
ISIC_0012372,A3_Benign_epidermal
ISIC_0018556,A1_Benign_melanocytic
ISIC_0000379,A1_Benign_melanocytic
ISIC_0020135,A1_Benign_melanocytic
ISIC_0013792,A1_Benign_melanocytic
ISIC_0012094,A1_Benign_melanocytic
ISIC_0000137,A1_Benign_melanocytic
ISIC_0036085,A2_Melanoma
ISIC_0002438,A1_Benign_melanocytic
ISIC_0012999,A1_Benign_melanocytic
ISIC_0012475,A3_Benign_epidermal
ISIC_0013762,A2_Melanoma
ISIC_0021263,A1_Benign_melanocytic
ISIC_0019989,A1_Benign_melanocytic
ISIC_0018297,A1_Benign_melanocytic
ISIC_0010100,A1_Benign_melanocytic
ISIC_0000536,A1_Benign_melanocytic
ISIC_0000476,A1_Benign_melanocytic
ISIC_0012835,A1_Benign_melanocytic
ISIC_0006671,A1_Benign_melanocytic
ISIC_0015117,A1_Benign_melanocytic
ISIC_0006193,A1_Benign_melanocytic
ISIC_0012472,A2_Melanoma
ISIC_0012855,A1_Benign_melanocytic
ISIC_0036273,A2_Melanoma
ISIC_0021227,A1_Benign_melanocytic
ISIC_0016062,A1_Benign_melanocytic
ISIC_0020620,A1_Benign_melanocytic
ISIC_0000365,A1_Benign_melanocytic
ISIC_0013287,A1_Benign_melanocytic
ISIC_0012650,A1_Benign_melanocytic
ISIC_0013977,A3_Benign_epidermal
ISIC_0015984,A1_Benign_melanocytic
ISIC_0022317,A2_Melanoma
ISIC_0009954,A1_Benign_melanocytic
ISIC_0013526,A1_Benign_melanocytic
ISIC_0012228,A1_Benign_melanocytic
ISIC_0013987,A2_Melanoma
ISIC_0036112,A2_Melanoma
ISIC_0016663,A1_Benign_melanocytic
ISIC_0013082,A1_Benign_melanocytic
ISIC_0014132,A2_Melanoma
ISIC_0015559,A1_Benign_melanocytic
ISIC_0014253,A1_Benign_melanocytic
ISIC_0013592,A1_Benign_melanocytic
ISIC_0011204,A1_Benign_melanocytic
ISIC_0015537,A1_Benign_melanocytic
ISIC_0012740,A1_Benign_melanocytic
ISIC_0009932,A1_Benign_melanocytic
ISIC_0021121,A3_Benign_epidermal
ISIC_0010599,A1_Benign_melanocytic
ISIC_0000199,A1_Benign_melanocytic
ISIC_0012173,A3_Benign_epidermal
ISIC_0023380,A1_Benign_melanocytic
ISIC_0022678,A1_Benign_melanocytic
ISIC_0013997,A2_Melanoma
ISIC_0024106,A1_Benign_melanocytic
ISIC_0014548,A2_Melanoma
ISIC_0014772,A2_Melanoma
ISIC_0012487,A1_Benign_melanocytic
ISIC_0004337,A1_Benign_melanocytic
ISIC_0036137,A1_Benign_melanocytic
ISIC_0010003,A1_Benign_melanocytic
ISIC_0000283,A2_Melanoma
ISIC_0015464,A1_Benign_melanocytic
ISIC_0013748,A1_Benign_melanocytic
ISIC_0008541,A1_Benign_melanocytic
ISIC_0014156,A2_Melanoma
ISIC_0014457,A3_Benign_epidermal
ISIC_0012108,A1_Benign_melanocytic
ISIC_0016025,A1_Benign_melanocytic
ISIC_0000483,A1_Benign_melanocytic
ISIC_0010248,A1_Benign_melanocytic
ISIC_0014331,A2_Melanoma
ISIC_0012511,A1_Benign_melanocytic
ISIC_0019970,A1_Benign_melanocytic
ISIC_0013946,A1_Benign_melanocytic
ISIC_0036158,A1_Benign_melanocytic
ISIC_0015124,A2_Melanoma
ISIC_0011104,A1_Benign_melanocytic
ISIC_0001442,A1_Benign_melanocytic
ISIC_0014273,A3_Benign_epidermal
ISIC_0011360,A1_Benign_melanocytic
ISIC_0000384,A1_Benign_melanocytic
ISIC_0013015,A1_Benign_melanocytic
ISIC_0023793,A1_Benign_melanocytic
ISIC_0012266,A3_Benign_epidermal
ISIC_0014948,A1_Benign_melanocytic
ISIC_0012201,A1_Benign_melanocytic
ISIC_0000518,A2_Melanoma
ISIC_0014094,A1_Benign_melanocytic
ISIC_0000416,A1_Benign_melanocytic
ISIC_0016022,A1_Benign_melanocytic
ISIC_0015152,A1_Benign_melanocytic
ISIC_0012725,A1_Benign_melanocytic
ISIC_0036185,A1_Benign_melanocytic
ISIC_0015989,A1_Benign_melanocytic
ISIC_0012844,A1_Benign_melanocytic
ISIC_0022029,A4_Other
ISIC_0011128,A2_Melanoma
ISIC_0022928,A3_Benign_epidermal
ISIC_0036315,A1_Benign_melanocytic
ISIC_0013410,A1_Benign_melanocytic
ISIC_0013794,A1_Benign_melanocytic
ISIC_0010557,A1_Benign_melanocytic
ISIC_0019303,A1_Benign_melanocytic
ISIC_0012303,A1_Benign_melanocytic
ISIC_0014967,A1_Benign_melanocytic
ISIC_0009937,A1_Benign_melanocytic
ISIC_0036141,A1_Benign_melanocytic
ISIC_0000052,A1_Benign_melanocytic
ISIC_0012097,A1_Benign_melanocytic
ISIC_0015179,A1_Benign_melanocytic
ISIC_0014994,A1_Benign_melanocytic
ISIC_0017201,A1_Benign_melanocytic
ISIC_0014328,A1_Benign_melanocytic
ISIC_0010192,A1_Benign_melanocytic
ISIC_0013223,A3_Benign_epidermal
ISIC_0013007,A1_Benign_melanocytic
ISIC_0014127,A2_Melanoma
ISIC_0006940,A1_Benign_melanocytic
ISIC_0013167,A3_Benign_epidermal
ISIC_0015016,A1_Benign_melanocytic
ISIC_0010255,A1_Benign_melanocytic
ISIC_0011298,A1_Benign_melanocytic
ISIC_0012211,A1_Benign_melanocytic
ISIC_0014419,A3_Benign_epidermal
ISIC_0036147,A1_Benign_melanocytic
ISIC_0036279,A2_Melanoma
ISIC_0000548,A2_Melanoma
ISIC_0001449,A1_Benign_melanocytic
ISIC_0010490,A1_Benign_melanocytic
ISIC_0010081,A2_Melanoma
ISIC_0014792,A1_Benign_melanocytic
ISIC_0014952,A1_Benign_melanocytic
ISIC_0012665,A1_Benign_melanocytic
ISIC_0012662,A1_Benign_melanocytic
ISIC_0003657,A1_Benign_melanocytic
ISIC_0013766,A2_Melanoma
ISIC_0013397,A3_Benign_epidermal
ISIC_0015250,A1_Benign_melanocytic
ISIC_0012596,A1_Benign_melanocytic
ISIC_0012253,A1_Benign_melanocytic
ISIC_0015496,A1_Benign_melanocytic
ISIC_0009936,A1_Benign_melanocytic
ISIC_0000141,A2_Melanoma
ISIC_0000487,A2_Melanoma
ISIC_0014802,A1_Benign_melanocytic
ISIC_0000451,A1_Benign_melanocytic
ISIC_0015074,A1_Benign_melanocytic
ISIC_0024095,A2_Melanoma
ISIC_0036146,A1_Benign_melanocytic
ISIC_0013618,A2_Melanoma
ISIC_0036078,A2_Melanoma
ISIC_0000492,A1_Benign_melanocytic
ISIC_0011356,A2_Melanoma
ISIC_0016020,A1_Benign_melanocytic
ISIC_0012216,A1_Benign_melanocytic
ISIC_0000059,A1_Benign_melanocytic
ISIC_0001100,A2_Melanoma
ISIC_0020185,A2_Melanoma
ISIC_0015634,A1_Benign_melanocytic
ISIC_0013075,A1_Benign_melanocytic
ISIC_0022006,A4_Other
ISIC_0013806,A1_Benign_melanocytic
ISIC_0011398,A1_Benign_melanocytic
ISIC_0021770,A2_Melanoma
ISIC_0015501,A3_Benign_epidermal
ISIC_0013942,A1_Benign_melanocytic
ISIC_0000071,A1_Benign_melanocytic
ISIC_0014844,A1_Benign_melanocytic
ISIC_0012566,A1_Benign_melanocytic
ISIC_0010476,A2_Melanoma
ISIC_0036181,A1_Benign_melanocytic
ISIC_0023676,A1_Benign_melanocytic
ISIC_0014238,A2_Melanoma
ISIC_0022191,A1_Benign_melanocytic
ISIC_0014559,A2_Melanoma
ISIC_0010339,A1_Benign_melanocytic
ISIC_0023468,A1_Benign_melanocytic
ISIC_0014786,A1_Benign_melanocytic
ISIC_0000520,A2_Melanoma
ISIC_0012508,A1_Benign_melanocytic
ISIC_0012544,A1_Benign_melanocytic
ISIC_0000900,A1_Benign_melanocytic
ISIC_0015966,A1_Benign_melanocytic
ISIC_0017398,A2_Melanoma
ISIC_0036234,A1_Benign_melanocytic
ISIC_0000480,A1_Benign_melanocytic
ISIC_0000044,A1_Benign_melanocytic
ISIC_0000116,A1_Benign_melanocytic
ISIC_0024157,A3_Benign_epidermal
ISIC_0018111,A1_Benign_melanocytic
ISIC_0015578,A1_Benign_melanocytic
ISIC_0021226,A1_Benign_melanocytic
ISIC_0000112,A1_Benign_melanocytic
ISIC_0015110,A2_Melanoma
ISIC_0000395,A2_Melanoma
ISIC_0021990,A1_Benign_melanocytic
ISIC_0010041,A1_Benign_melanocytic
ISIC_0012233,A1_Benign_melanocytic
ISIC_0015995,A1_Benign_melanocytic
ISIC_0000244,A1_Benign_melanocytic
ISIC_0012877,A1_Benign_melanocytic
ISIC_0013465,A3_Benign_epidermal
ISIC_0036087,A2_Melanoma
ISIC_0014453,A1_Benign_melanocytic
ISIC_0014758,A1_Benign_melanocytic
ISIC_0013414,A2_Melanoma
ISIC_0010020,A1_Benign_melanocytic
ISIC_0014722,A2_Melanoma
ISIC_0018573,A1_Benign_melanocytic
ISIC_0010201,A1_Benign_melanocytic
ISIC_0013588,A2_Melanoma
ISIC_0011218,A1_Benign_melanocytic
ISIC_0011084,A1_Benign_melanocytic
ISIC_0014164,A1_Benign_melanocytic
ISIC_0022649,A1_Benign_melanocytic
ISIC_0018774,A1_Benign_melanocytic
ISIC_0019309,A1_Benign_melanocytic
ISIC_0036134,A1_Benign_melanocytic
ISIC_0015955,A1_Benign_melanocytic
ISIC_0011139,A2_Melanoma
ISIC_0021480,A2_Melanoma
ISIC_0011127,A1_Benign_melanocytic
ISIC_0011300,A1_Benign_melanocytic
ISIC_0010265,A2_Melanoma
ISIC_0000421,A1_Benign_melanocytic
ISIC_0036322,A1_Benign_melanocytic
ISIC_0036225,A1_Benign_melanocytic
ISIC_0000403,A1_Benign_melanocytic
ISIC_0022147,A1_Benign_melanocytic
ISIC_0012981,A1_Benign_melanocytic
ISIC_0021092,A1_Benign_melanocytic
ISIC_0015351,A1_Benign_melanocytic
ISIC_0010573,A1_Benign_melanocytic
ISIC_0012656,A1_Benign_melanocytic
ISIC_0036290,A1_Benign_melanocytic
ISIC_0036282,A2_Melanoma
ISIC_0020974,A1_Benign_melanocytic
ISIC_0023306,A2_Melanoma
ISIC_0014289,A2_Melanoma
ISIC_0023755,A2_Melanoma
ISIC_0006651,A1_Benign_melanocytic
ISIC_0013491,A2_Melanoma
ISIC_0012682,A1_Benign_melanocytic
ISIC_0013456,A1_Benign_melanocytic
ISIC_0017350,A2_Melanoma
ISIC_0013617,A2_Melanoma
ISIC_0010861,A1_Benign_melanocytic
ISIC_0012674,A1_Benign_melanocytic
ISIC_0016067,A1_Benign_melanocytic
ISIC_0013197,A1_Benign_melanocytic
ISIC_0021583,A3_Benign_epidermal
ISIC_0015079,A2_Melanoma
ISIC_0014386,A3_Benign_epidermal
ISIC_0010036,A2_Melanoma
ISIC_0010342,A1_Benign_melanocytic
ISIC_0018090,A1_Benign_melanocytic
ISIC_0000368,A1_Benign_melanocytic
ISIC_0013739,A2_Melanoma
ISIC_0014888,A1_Benign_melanocytic
ISIC_0014969,A1_Benign_melanocytic
ISIC_0015975,A1_Benign_melanocytic
ISIC_0018392,A1_Benign_melanocytic
ISIC_0023948,A1_Benign_melanocytic
ISIC_0024105,A1_Benign_melanocytic
ISIC_0021659,A4_Other
ISIC_0004715,A1_Benign_melanocytic
ISIC_0014470,A1_Benign_melanocytic
ISIC_0012435,A2_Melanoma
ISIC_0000258,A1_Benign_melanocytic
ISIC_0000538,A1_Benign_melanocytic
ISIC_0015244,A1_Benign_melanocytic
ISIC_0000281,A2_Melanoma
ISIC_0000380,A1_Benign_melanocytic
ISIC_0012722,A1_Benign_melanocytic
ISIC_0013561,A1_Benign_melanocytic
ISIC_0018819,A1_Benign_melanocytic
ISIC_0036125,A1_Benign_melanocytic
ISIC_0000159,A2_Melanoma
ISIC_0013793,A1_Benign_melanocytic
ISIC_0013320,A1_Benign_melanocytic
ISIC_0036096,A2_Melanoma
ISIC_0000105,A1_Benign_melanocytic
ISIC_0007344,A1_Benign_melanocytic
ISIC_0036205,A1_Benign_melanocytic
ISIC_0014092,A2_Melanoma
ISIC_0014771,A1_Benign_melanocytic
ISIC_0012965,A1_Benign_melanocytic
ISIC_0000324,A1_Benign_melanocytic
ISIC_0014832,A2_Melanoma
ISIC_0012298,A2_Melanoma
ISIC_0001134,A2_Melanoma
ISIC_0022043,A1_Benign_melanocytic
ISIC_0015298,A1_Benign_melanocytic
ISIC_0000453,A1_Benign_melanocytic
ISIC_0014308,A2_Melanoma
ISIC_0012373,A3_Benign_epidermal
ISIC_0013235,A1_Benign_melanocytic
ISIC_0012169,A3_Benign_epidermal
ISIC_0012425,A2_Melanoma
ISIC_0022742,A3_Benign_epidermal
ISIC_0022399,A2_Melanoma
ISIC_0018286,A1_Benign_melanocytic
ISIC_0009933,A1_Benign_melanocytic
ISIC_0010182,A1_Benign_melanocytic
ISIC_0011366,A2_Melanoma
ISIC_0011227,A1_Benign_melanocytic
ISIC_0013921,A1_Benign_melanocytic
ISIC_0010457,A1_Benign_melanocytic
ISIC_0019062,A2_Melanoma
ISIC_0016844,A1_Benign_melanocytic
ISIC_0012623,A4_Other
ISIC_0013306,A1_Benign_melanocytic
ISIC_0018413,A1_Benign_melanocytic
ISIC_0012710,A1_Benign_melanocytic
ISIC_0021041,A3_Benign_epidermal
ISIC_0019545,A1_Benign_melanocytic
ISIC_0013800,A1_Benign_melanocytic
ISIC_0010071,A1_Benign_melanocytic
ISIC_0014765,A1_Benign_melanocytic
ISIC_0012744,A1_Benign_melanocytic
ISIC_0015365,A1_Benign_melanocytic
ISIC_0011208,A1_Benign_melanocytic
ISIC_0015274,A1_Benign_melanocytic
ISIC_0013047,A1_Benign_melanocytic
ISIC_0012670,A1_Benign_melanocytic
ISIC_0000029,A2_Melanoma
ISIC_0000299,A2_Melanoma
ISIC_0004168,A1_Benign_melanocytic
ISIC_0020761,A1_Benign_melanocytic
ISIC_0015965,A1_Benign_melanocytic
ISIC_0015943,A1_Benign_melanocytic
ISIC_0016056,A1_Benign_melanocytic
ISIC_0013416,A1_Benign_melanocytic
ISIC_0000087,A1_Benign_melanocytic
ISIC_0015940,A1_Benign_melanocytic
ISIC_0018039,A2_Melanoma
ISIC_0015184,A1_Benign_melanocytic
ISIC_0009987,A1_Benign_melanocytic
ISIC_0014901,A1_Benign_melanocytic
ISIC_0011358,A1_Benign_melanocytic
ISIC_0013688,A1_Benign_melanocytic
ISIC_0036157,A1_Benign_melanocytic
ISIC_0023812,A2_Melanoma
ISIC_0036120,A2_Melanoma
ISIC_0013982,A1_Benign_melanocytic
ISIC_0016364,A1_Benign_melanocytic
ISIC_0014966,A1_Benign_melanocytic
ISIC_0000145,A2_Melanoma
ISIC_0014543,A2_Melanoma
ISIC_0013663,A2_Melanoma
ISIC_0014149,A1_Benign_melanocytic
ISIC_0005187,A1_Benign_melanocytic
ISIC_0011297,A1_Benign_melanocytic
ISIC_0013369,A1_Benign_melanocytic
ISIC_0015390,A1_Benign_melanocytic
ISIC_0000311,A2_Melanoma
ISIC_0010219,A1_Benign_melanocytic
ISIC_0036230,A1_Benign_melanocytic
ISIC_0023508,A2_Melanoma
ISIC_0016575,A1_Benign_melanocytic
ISIC_0036345,A1_Benign_melanocytic
ISIC_0010054,A2_Melanoma
ISIC_0012901,A1_Benign_melanocytic
ISIC_0014907,A1_Benign_melanocytic
ISIC_0015089,A1_Benign_melanocytic
ISIC_0013472,A2_Melanoma
ISIC_0002439,A1_Benign_melanocytic
ISIC_0022828,A1_Benign_melanocytic
ISIC_0000064,A1_Benign_melanocytic
ISIC_0000539,A1_Benign_melanocytic
ISIC_0036116,A2_Melanoma
ISIC_0023145,A3_Benign_epidermal
ISIC_0012945,A1_Benign_melanocytic
ISIC_0012147,A1_Benign_melanocytic
ISIC_0014324,A2_Melanoma
ISIC_0014683,A1_Benign_melanocytic
ISIC_0013626,A2_Melanoma
ISIC_0015941,A1_Benign_melanocytic
ISIC_0000050,A1_Benign_melanocytic
ISIC_0013198,A2_Melanoma
ISIC_0015502,A1_Benign_melanocytic
ISIC_0017891,A1_Benign_melanocytic
ISIC_0012099,A2_Melanoma
ISIC_0000504,A1_Benign_melanocytic
ISIC_0012814,A1_Benign_melanocytic
ISIC_0010005,A1_Benign_melanocytic
ISIC_0015625,A1_Benign_melanocytic
ISIC_0012149,A1_Benign_melanocytic
ISIC_0013998,A1_Benign_melanocytic
ISIC_0013201,A1_Benign_melanocytic
ISIC_0013434,A1_Benign_melanocytic
ISIC_0010176,A1_Benign_melanocytic
ISIC_0010558,A1_Benign_melanocytic
ISIC_0014066,A1_Benign_melanocytic
ISIC_0011317,A1_Benign_melanocytic
ISIC_0013232,A2_Melanoma
ISIC_0014392,A3_Benign_epidermal
ISIC_0010000,A2_Melanoma
ISIC_0013371,A3_Benign_epidermal
ISIC_0000058,A1_Benign_melanocytic
ISIC_0021494,A1_Benign_melanocytic
ISIC_0003462,A1_Benign_melanocytic
ISIC_0002093,A1_Benign_melanocytic
ISIC_0000490,A1_Benign_melanocytic
ISIC_0000544,A1_Benign_melanocytic
ISIC_0016837,A1_Benign_melanocytic
ISIC_0000226,A1_Benign_melanocytic
ISIC_0036107,A2_Melanoma
ISIC_0014947,A1_Benign_melanocytic
ISIC_0023158,A1_Benign_melanocytic
ISIC_0015978,A1_Benign_melanocytic
ISIC_0036276,A2_Melanoma
ISIC_0019903,A1_Benign_melanocytic
ISIC_0019090,A2_Melanoma
ISIC_0001267,A1_Benign_melanocytic
ISIC_0020540,A1_Benign_melanocytic
ISIC_0013495,A1_Benign_melanocytic
ISIC_0002673,A1_Benign_melanocytic
ISIC_0000393,A2_Melanoma
ISIC_0036133,A1_Benign_melanocytic
ISIC_0000019,A1_Benign_melanocytic
ISIC_0036248,A3_Benign_epidermal
ISIC_0019424,A2_Melanoma
ISIC_0000184,A1_Benign_melanocytic
ISIC_0013696,A2_Melanoma
ISIC_0000529,A1_Benign_melanocytic
ISIC_0023199,A1_Benign_melanocytic
ISIC_0021832,A3_Benign_epidermal
ISIC_0014076,A2_Melanoma
ISIC_0036081,A2_Melanoma
ISIC_0012205,A1_Benign_melanocytic
ISIC_0036153,A1_Benign_melanocytic
ISIC_0014778,A1_Benign_melanocytic
ISIC_0015987,A1_Benign_melanocytic
ISIC_0012887,A2_Melanoma
ISIC_0014171,A2_Melanoma
ISIC_0012292,A1_Benign_melanocytic
ISIC_0000253,A1_Benign_melanocytic
ISIC_0013394,A1_Benign_melanocytic
ISIC_0013691,A3_Benign_epidermal
ISIC_0014625,A3_Benign_epidermal
ISIC_0010189,A2_Melanoma
ISIC_0000301,A2_Melanoma
ISIC_0012456,A1_Benign_melanocytic
ISIC_0014919,A2_Melanoma
ISIC_0015150,A1_Benign_melanocytic
ISIC_0016045,A1_Benign_melanocytic
ISIC_0014929,A1_Benign_melanocytic
ISIC_0036274,A2_Melanoma
ISIC_0001852,A1_Benign_melanocytic
ISIC_0036227,A1_Benign_melanocytic
ISIC_0014108,A2_Melanoma
ISIC_0014255,A2_Melanoma
ISIC_0019531,A1_Benign_melanocytic
ISIC_0010344,A1_Benign_melanocytic
ISIC_0012599,A1_Benign_melanocytic
ISIC_0000382,A1_Benign_melanocytic
ISIC_0013775,A2_Melanoma
ISIC_0019326,A1_Benign_melanocytic
ISIC_0021953,A4_Other
ISIC_0022149,A1_Benign_melanocytic
ISIC_0014558,A2_Melanoma
ISIC_0000376,A1_Benign_melanocytic
ISIC_0012758,A2_Melanoma
ISIC_0000049,A2_Melanoma
ISIC_0012273,A3_Benign_epidermal
ISIC_0009982,A1_Benign_melanocytic
ISIC_0015403,A1_Benign_melanocytic
ISIC_0014941,A1_Benign_melanocytic
ISIC_0010015,A1_Benign_melanocytic
ISIC_0023924,A2_Melanoma
ISIC_0014139,A3_Benign_epidermal
ISIC_0009078,A1_Benign_melanocytic
ISIC_0017443,A2_Melanoma
ISIC_0017993,A1_Benign_melanocytic
ISIC_0010059,A1_Benign_melanocytic
ISIC_0014851,A1_Benign_melanocytic
ISIC_0010194,A2_Melanoma
ISIC_0013749,A1_Benign_melanocytic
ISIC_0009875,A1_Benign_melanocytic
ISIC_0013493,A3_Benign_epidermal
ISIC_0000015,A1_Benign_melanocytic
ISIC_0018680,A1_Benign_melanocytic
ISIC_0021648,A2_Melanoma
ISIC_0015171,A1_Benign_melanocytic
ISIC_0015971,A1_Benign_melanocytic
ISIC_0016017,A1_Benign_melanocytic
ISIC_0013908,A2_Melanoma
ISIC_0015154,A1_Benign_melanocytic
ISIC_0015206,A2_Melanoma
ISIC_0022574,A2_Melanoma
ISIC_0019540,A1_Benign_melanocytic
ISIC_0012671,A1_Benign_melanocytic
ISIC_0012221,A1_Benign_melanocytic
ISIC_0019964,A1_Benign_melanocytic
ISIC_0014667,A1_Benign_melanocytic
ISIC_0014361,A2_Melanoma
ISIC_0010587,A2_Melanoma
ISIC_0018535,A1_Benign_melanocytic
ISIC_0011177,A1_Benign_melanocytic
ISIC_0017433,A2_Melanoma
ISIC_0012705,A3_Benign_epidermal
ISIC_0015952,A1_Benign_melanocytic
ISIC_0013163,A1_Benign_melanocytic
ISIC_0016048,A1_Benign_melanocytic
ISIC_0000519,A2_Melanoma
ISIC_0021354,A1_Benign_melanocytic
ISIC_0013000,A1_Benign_melanocytic
ISIC_0021987,A1_Benign_melanocytic
ISIC_0013403,A1_Benign_melanocytic
ISIC_0014581,A3_Benign_epidermal
ISIC_0014854,A1_Benign_melanocytic
ISIC_0015021,A1_Benign_melanocytic
ISIC_0015633,A1_Benign_melanocytic
ISIC_0036239,A1_Benign_melanocytic
ISIC_0011150,A1_Benign_melanocytic
ISIC_0006800,A1_Benign_melanocytic
ISIC_0009975,A1_Benign_melanocytic
ISIC_0022381,A2_Melanoma
ISIC_0010477,A1_Benign_melanocytic
ISIC_0015233,A3_Benign_epidermal
ISIC_0014795,A2_Melanoma
ISIC_0011402,A1_Benign_melanocytic
ISIC_0012683,A1_Benign_melanocytic
ISIC_0019335,A2_Melanoma
ISIC_0000170,A2_Melanoma
ISIC_0015357,A1_Benign_melanocytic
ISIC_0036321,A1_Benign_melanocytic
ISIC_0036278,A2_Melanoma
ISIC_0012678,A2_Melanoma
ISIC_0018730,A1_Benign_melanocytic
ISIC_0012284,A1_Benign_melanocytic
ISIC_0000383,A1_Benign_melanocytic
ISIC_0012332,A1_Benign_melanocytic
ISIC_0000111,A1_Benign_melanocytic
ISIC_0010075,A1_Benign_melanocytic
ISIC_0014554,A3_Benign_epidermal
ISIC_0000016,A1_Benign_melanocytic
ISIC_0012445,A1_Benign_melanocytic
ISIC_0013601,A1_Benign_melanocytic
ISIC_0011223,A1_Benign_melanocytic
ISIC_0017474,A2_Melanoma
ISIC_0000242,A1_Benign_melanocytic
ISIC_0009977,A1_Benign_melanocytic
ISIC_0014600,A3_Benign_epidermal
ISIC_0011306,A1_Benign_melanocytic
ISIC_0036328,A1_Benign_melanocytic
ISIC_0009966,A1_Benign_melanocytic
ISIC_0018662,A1_Benign_melanocytic
ISIC_0000165,A2_Melanoma
ISIC_0012318,A1_Benign_melanocytic
ISIC_0012564,A1_Benign_melanocytic
ISIC_0012681,A1_Benign_melanocytic
ISIC_0015617,A1_Benign_melanocytic
ISIC_0000359,A1_Benign_melanocytic
ISIC_0010257,A1_Benign_melanocytic
ISIC_0012651,A1_Benign_melanocytic
ISIC_0021932,A1_Benign_melanocytic
ISIC_0000259,A1_Benign_melanocytic
ISIC_0021579,A1_Benign_melanocytic
ISIC_0010468,A2_Melanoma
ISIC_0014790,A2_Melanoma
ISIC_0014796,A1_Benign_melanocytic
ISIC_0007796,A1_Benign_melanocytic
ISIC_0013055,A1_Benign_melanocytic
ISIC_0013164,A1_Benign_melanocytic
ISIC_0018248,A1_Benign_melanocytic
ISIC_0036232,A1_Benign_melanocytic
ISIC_0024005,A2_Melanoma
ISIC_0009931,A1_Benign_melanocytic
ISIC_0002453,A1_Benign_melanocytic
ISIC_0008029,A1_Benign_melanocytic
ISIC_0001191,A1_Benign_melanocytic
ISIC_0012871,A1_Benign_melanocytic
ISIC_0000465,A1_Benign_melanocytic
ISIC_0000263,A1_Benign_melanocytic
ISIC_0000088,A1_Benign_melanocytic
ISIC_0036097,A2_Melanoma
ISIC_0022551,A1_Benign_melanocytic
ISIC_0000268,A1_Benign_melanocytic
ISIC_0015976,A1_Benign_melanocytic
ISIC_0023483,A2_Melanoma
ISIC_0000537,A1_Benign_melanocytic
ISIC_0013190,A1_Benign_melanocytic
ISIC_0036233,A1_Benign_melanocytic
ISIC_0012517,A3_Benign_epidermal
ISIC_0012378,A1_Benign_melanocytic
ISIC_0011105,A1_Benign_melanocytic
ISIC_0000882,A1_Benign_melanocytic
ISIC_0013079,A2_Melanoma
ISIC_0015228,A2_Melanoma
ISIC_0020154,A1_Benign_melanocytic
ISIC_0000546,A1_Benign_melanocytic
ISIC_0000007,A1_Benign_melanocytic
ISIC_0010216,A1_Benign_melanocytic
ISIC_0015996,A1_Benign_melanocytic
ISIC_0015226,A1_Benign_melanocytic
ISIC_0009188,A1_Benign_melanocytic
ISIC_0014498,A1_Benign_melanocytic
ISIC_0012810,A3_Benign_epidermal
ISIC_0017414,A2_Melanoma
ISIC_0013925,A2_Melanoma
ISIC_0020764,A1_Benign_melanocytic
ISIC_0010472,A1_Benign_melanocytic
ISIC_0022247,A1_Benign_melanocytic
ISIC_0015375,A3_Benign_epidermal
ISIC_0011359,A1_Benign_melanocytic
ISIC_0036101,A2_Melanoma
ISIC_0019204,A2_Melanoma
ISIC_0011137,A2_Melanoma
ISIC_0010449,A1_Benign_melanocytic
ISIC_0015451,A1_Benign_melanocytic
ISIC_0014197,A1_Benign_melanocytic
ISIC_0014624,A3_Benign_epidermal
ISIC_0023761,A1_Benign_melanocytic
ISIC_0015969,A1_Benign_melanocytic
ISIC_0012737,A1_Benign_melanocytic
ISIC_0010207,A2_Melanoma
ISIC_0036327,A1_Benign_melanocytic
ISIC_0015468,A1_Benign_melanocytic
ISIC_0013106,A1_Benign_melanocytic
ISIC_0016963,A1_Benign_melanocytic
ISIC_0017259,A1_Benign_melanocytic
ISIC_0018527,A1_Benign_melanocytic
ISIC_0021615,A1_Benign_melanocytic
ISIC_0001106,A2_Melanoma
ISIC_0011158,A2_Melanoma
ISIC_0013417,A1_Benign_melanocytic
ISIC_0015958,A1_Benign_melanocytic
ISIC_0012749,A2_Melanoma
ISIC_0013651,A2_Melanoma
ISIC_0011333,A1_Benign_melanocytic
ISIC_0015313,A1_Benign_melanocytic
ISIC_0012669,A1_Benign_melanocytic
ISIC_0014357,A2_Melanoma
ISIC_0010222,A1_Benign_melanocytic
ISIC_0015411,A1_Benign_melanocytic
ISIC_0000080,A1_Benign_melanocytic
ISIC_0015629,A1_Benign_melanocytic
ISIC_0011229,A1_Benign_melanocytic
ISIC_0013423,A1_Benign_melanocytic
ISIC_0012903,A1_Benign_melanocytic
ISIC_0022787,A4_Other
ISIC_0013291,A1_Benign_melanocytic
ISIC_0000295,A2_Melanoma
ISIC_0012944,A1_Benign_melanocytic
ISIC_0000188,A1_Benign_melanocytic
ISIC_0014440,A1_Benign_melanocytic
ISIC_0015040,A1_Benign_melanocytic
ISIC_0012182,A1_Benign_melanocytic
ISIC_0022329,A2_Melanoma
ISIC_0000134,A1_Benign_melanocytic
ISIC_0013288,A1_Benign_melanocytic
ISIC_0012207,A3_Benign_epidermal
ISIC_0000391,A1_Benign_melanocytic
ISIC_0012222,A1_Benign_melanocytic
ISIC_0014311,A3_Benign_epidermal
ISIC_0010055,A1_Benign_melanocytic
ISIC_0036196,A1_Benign_melanocytic
ISIC_0015440,A1_Benign_melanocytic
ISIC_0015132,A2_Melanoma
ISIC_0024156,A3_Benign_epidermal
ISIC_0013602,A1_Benign_melanocytic
ISIC_0013330,A1_Benign_melanocytic
ISIC_0000046,A2_Melanoma
ISIC_0036123,A2_Melanoma
ISIC_0018126,A1_Benign_melanocytic
ISIC_0014518,A2_Melanoma
ISIC_0016059,A1_Benign_melanocytic
ISIC_0018602,A1_Benign_melanocytic
ISIC_0020366,A1_Benign_melanocytic
ISIC_0010848,A1_Benign_melanocytic
ISIC_0008236,A1_Benign_melanocytic
ISIC_0036076,A2_Melanoma
ISIC_0013549,A2_Melanoma
ISIC_0012208,A2_Melanoma
ISIC_0014299,A1_Benign_melanocytic
ISIC_0010332,A1_Benign_melanocytic
ISIC_0013325,A1_Benign_melanocytic
ISIC_0011140,A2_Melanoma
ISIC_0012658,A1_Benign_melanocytic
ISIC_0015227,A1_Benign_melanocytic
ISIC_0000132,A1_Benign_melanocytic
ISIC_0003559,A1_Benign_melanocytic
ISIC_0014001,A1_Benign_melanocytic
ISIC_0014998,A1_Benign_melanocytic
ISIC_0014779,A1_Benign_melanocytic
ISIC_0010483,A1_Benign_melanocytic
ISIC_0012675,A1_Benign_melanocytic
ISIC_0016007,A1_Benign_melanocytic
ISIC_0012898,A3_Benign_epidermal
ISIC_0007475,A1_Benign_melanocytic
ISIC_0011135,A2_Melanoma
ISIC_0000200,A1_Benign_melanocytic
ISIC_0000254,A1_Benign_melanocytic
ISIC_0012956,A1_Benign_melanocytic
ISIC_0010014,A1_Benign_melanocytic
ISIC_0000027,A1_Benign_melanocytic
ISIC_0013424,A1_Benign_melanocytic
ISIC_0015638,A1_Benign_melanocytic
ISIC_0012342,A3_Benign_epidermal
ISIC_0013063,A3_Benign_epidermal
ISIC_0012137,A2_Melanoma
ISIC_0010247,A1_Benign_melanocytic
ISIC_0013610,A2_Melanoma
ISIC_0014921,A1_Benign_melanocytic
ISIC_0036208,A1_Benign_melanocytic
ISIC_0000216,A1_Benign_melanocytic
ISIC_0015331,A1_Benign_melanocytic
ISIC_0013758,A1_Benign_melanocytic
ISIC_0000067,A1_Benign_melanocytic
ISIC_0021347,A1_Benign_melanocytic
ISIC_0018627,A1_Benign_melanocytic
ISIC_0000110,A1_Benign_melanocytic
ISIC_0014576,A3_Benign_epidermal
ISIC_0021050,A1_Benign_melanocytic
ISIC_0000528,A1_Benign_melanocytic
ISIC_0014862,A2_Melanoma
ISIC_0014365,A1_Benign_melanocytic
ISIC_0014640,A3_Benign_epidermal
ISIC_0015436,A1_Benign_melanocytic
ISIC_0009298,A1_Benign_melanocytic
ISIC_0019669,A1_Benign_melanocytic
ISIC_0015283,A1_Benign_melanocytic
ISIC_0023321,A2_Melanoma
ISIC_0013217,A1_Benign_melanocytic
ISIC_0013799,A1_Benign_melanocytic
ISIC_0000434,A2_Melanoma
ISIC_0000370,A1_Benign_melanocytic
ISIC_0001960,A1_Benign_melanocytic
ISIC_0012395,A2_Melanoma
ISIC_0015957,A1_Benign_melanocytic
ISIC_0019260,A1_Benign_melanocytic
ISIC_0020608,A1_Benign_melanocytic
ISIC_0020004,A1_Benign_melanocytic
ISIC_0010442,A1_Benign_melanocytic
ISIC_0010069,A1_Benign_melanocytic
ISIC_0016008,A1_Benign_melanocytic
ISIC_0013219,A1_Benign_melanocytic
ISIC_0007332,A1_Benign_melanocytic
ISIC_0019696,A1_Benign_melanocytic
ISIC_0000260,A1_Benign_melanocytic
ISIC_0009979,A1_Benign_melanocytic
ISIC_0036140,A1_Benign_melanocytic
ISIC_0012961,A1_Benign_melanocytic
ISIC_0013842,A2_Melanoma
ISIC_0015635,A1_Benign_melanocytic
ISIC_0022591,A1_Benign_melanocytic
ISIC_0036109,A2_Melanoma
ISIC_0011082,A1_Benign_melanocytic
ISIC_0014567,A3_Benign_epidermal
ISIC_0000396,A1_Benign_melanocytic
ISIC_0019313,A1_Benign_melanocytic
ISIC_0014619,A3_Benign_epidermal
ISIC_0000036,A2_Melanoma
ISIC_0013044,A1_Benign_melanocytic
ISIC_0021936,A1_Benign_melanocytic
ISIC_0036297,A1_Benign_melanocytic
ISIC_0014773,A1_Benign_melanocytic
ISIC_0020613,A1_Benign_melanocytic
ISIC_0023522,A3_Benign_epidermal
ISIC_0017406,A2_Melanoma
ISIC_0012880,A3_Benign_epidermal
ISIC_0013140,A1_Benign_melanocytic
ISIC_0016069,A1_Benign_melanocytic
ISIC_0023346,A1_Benign_melanocytic
ISIC_0015470,A1_Benign_melanocytic
ISIC_0018371,A1_Benign_melanocytic
ISIC_0009925,A1_Benign_melanocytic
ISIC_0014834,A1_Benign_melanocytic
ISIC_0015380,A1_Benign_melanocytic
ISIC_0015216,A1_Benign_melanocytic
ISIC_0012374,A1_Benign_melanocytic
ISIC_0015011,A1_Benign_melanocytic
ISIC_0014763,A1_Benign_melanocytic
ISIC_0010028,A1_Benign_melanocytic
ISIC_0015563,A1_Benign_melanocytic
ISIC_0022457,A1_Benign_melanocytic
ISIC_0013874,A2_Melanoma
ISIC_0021988,A1_Benign_melanocytic
ISIC_0012302,A1_Benign_melanocytic
ISIC_0010185,A1_Benign_melanocytic
ISIC_0000021,A1_Benign_melanocytic
ISIC_0009910,A2_Melanoma
ISIC_0015149,A1_Benign_melanocytic
ISIC_0010443,A1_Benign_melanocytic
ISIC_0036266,A1_Benign_melanocytic
ISIC_0015291,A1_Benign_melanocytic
ISIC_0036285,A2_Melanoma
ISIC_0011343,A1_Benign_melanocytic
ISIC_0000214,A1_Benign_melanocytic
ISIC_0017704,A1_Benign_melanocytic
ISIC_0024100,A1_Benign_melanocytic
ISIC_0009919,A1_Benign_melanocytic
ISIC_0012661,A3_Benign_epidermal
ISIC_0014846,A1_Benign_melanocytic
ISIC_0013738,A1_Benign_melanocytic
ISIC_0023301,A2_Melanoma
ISIC_0036099,A2_Melanoma
ISIC_0014433,A1_Benign_melanocytic
ISIC_0014658,A1_Benign_melanocytic
ISIC_0012323,A3_Benign_epidermal
ISIC_0019114,A1_Benign_melanocytic
ISIC_0008396,A1_Benign_melanocytic
ISIC_0015587,A1_Benign_melanocytic
ISIC_0005000,A1_Benign_melanocytic
ISIC_0000124,A1_Benign_melanocytic
ISIC_0013836,A1_Benign_melanocytic
ISIC_0022736,A3_Benign_epidermal
ISIC_0019678,A1_Benign_melanocytic
ISIC_0022342,A1_Benign_melanocytic
ISIC_0009958,A1_Benign_melanocytic
ISIC_0000325,A1_Benign_melanocytic
ISIC_0017413,A2_Melanoma
ISIC_0014820,A1_Benign_melanocytic
ISIC_0022221,A4_Other
ISIC_0014151,A2_Melanoma
ISIC_0017919,A1_Benign_melanocytic
ISIC_0004110,A1_Benign_melanocytic
ISIC_0014475,A1_Benign_melanocytic
ISIC_0009947,A1_Benign_melanocytic
ISIC_0020563,A1_Benign_melanocytic
ISIC_0000057,A1_Benign_melanocytic
ISIC_0014997,A1_Benign_melanocytic
ISIC_0014964,A1_Benign_melanocytic
ISIC_0000439,A1_Benign_melanocytic
ISIC_0021196,A3_Benign_epidermal
ISIC_0012358,A3_Benign_epidermal
ISIC_0013430,A1_Benign_melanocytic
ISIC_0014284,A2_Melanoma
ISIC_0013193,A1_Benign_melanocytic
ISIC_0012116,A1_Benign_melanocytic
ISIC_0021714,A4_Other
ISIC_0015370,A1_Benign_melanocytic
ISIC_0021506,A1_Benign_melanocytic
ISIC_0000152,A2_Melanoma
ISIC_0021734,A3_Benign_epidermal
ISIC_0000079,A1_Benign_melanocytic
ISIC_0000213,A1_Benign_melanocytic
ISIC_0022540,A1_Benign_melanocytic
ISIC_0010497,A1_Benign_melanocytic
ISIC_0023275,A2_Melanoma
ISIC_0012624,A1_Benign_melanocytic
ISIC_0013134,A3_Benign_epidermal
ISIC_0011166,A2_Melanoma
ISIC_0023482,A2_Melanoma
ISIC_0016716,A1_Benign_melanocytic
ISIC_0013053,A1_Benign_melanocytic
ISIC_0020226,A1_Benign_melanocytic
ISIC_0009976,A1_Benign_melanocytic
ISIC_0021278,A4_Other
ISIC_0000436,A1_Benign_melanocytic
ISIC_0015338,A3_Benign_epidermal
ISIC_0017789,A1_Benign_melanocytic
ISIC_0012337,A1_Benign_melanocytic
ISIC_0000131,A1_Benign_melanocytic
ISIC_0014507,A2_Melanoma
ISIC_0000514,A1_Benign_melanocytic
ISIC_0036255,A3_Benign_epidermal
ISIC_0010010,A1_Benign_melanocytic
ISIC_0013341,A3_Benign_epidermal
ISIC_0012657,A1_Benign_melanocytic
ISIC_0010337,A1_Benign_melanocytic
ISIC_0009929,A1_Benign_melanocytic
ISIC_0000048,A1_Benign_melanocytic
ISIC_0036251,A3_Benign_epidermal
ISIC_0015368,A1_Benign_melanocytic
ISIC_0001148,A2_Melanoma
ISIC_0023322,A2_Melanoma
ISIC_0000146,A2_Melanoma
ISIC_0036224,A1_Benign_melanocytic
ISIC_0015281,A3_Benign_epidermal
ISIC_0021837,A1_Benign_melanocytic
ISIC_0020166,A1_Benign_melanocytic
ISIC_0036326,A1_Benign_melanocytic
ISIC_0000346,A1_Benign_melanocytic
ISIC_0012837,A1_Benign_melanocytic
ISIC_0014760,A1_Benign_melanocytic
ISIC_0013212,A1_Benign_melanocytic
ISIC_0015165,A1_Benign_melanocytic
ISIC_0017486,A2_Melanoma
ISIC_0000552,A2_Melanoma
ISIC_0010846,A1_Benign_melanocytic
ISIC_0011323,A1_Benign_melanocytic
ISIC_0011329,A2_Melanoma
ISIC_0009564,A1_Benign_melanocytic
ISIC_0014953,A2_Melanoma
ISIC_0014585,A3_Benign_epidermal
ISIC_0014692,A1_Benign_melanocytic
ISIC_0036075,A2_Melanoma
ISIC_0010851,A1_Benign_melanocytic
ISIC_0012356,A2_Melanoma
ISIC_0016006,A1_Benign_melanocytic
ISIC_0013393,A3_Benign_epidermal
ISIC_0000496,A1_Benign_melanocytic
ISIC_0013319,A3_Benign_epidermal
ISIC_0016211,A1_Benign_melanocytic
ISIC_0000256,A1_Benign_melanocytic
ISIC_0021504,A1_Benign_melanocytic
ISIC_0023715,A1_Benign_melanocytic
ISIC_0014982,A2_Melanoma
ISIC_0010863,A2_Melanoma
ISIC_0010256,A1_Benign_melanocytic
ISIC_0014715,A1_Benign_melanocytic
ISIC_0012693,A3_Benign_epidermal
ISIC_0015082,A2_Melanoma
ISIC_0021893,A1_Benign_melanocytic
ISIC_0036083,A2_Melanoma
ISIC_0000378,A1_Benign_melanocytic
ISIC_0010237,A1_Benign_melanocytic
ISIC_0000126,A1_Benign_melanocytic
ISIC_0000056,A2_Melanoma
ISIC_0013048,A1_Benign_melanocytic
ISIC_0022741,A3_Benign_epidermal
ISIC_0000332,A1_Benign_melanocytic
ISIC_0011352,A1_Benign_melanocytic
ISIC_0036162,A1_Benign_melanocytic
ISIC_0013967,A1_Benign_melanocytic
ISIC_0012677,A1_Benign_melanocytic
ISIC_0036086,A2_Melanoma
ISIC_0014946,A2_Melanoma
ISIC_0000230,A1_Benign_melanocytic
ISIC_0023118,A2_Melanoma
ISIC_0036303,A1_Benign_melanocytic
ISIC_0010581,A1_Benign_melanocytic
ISIC_0012363,A1_Benign_melanocytic
ISIC_0013562,A1_Benign_melanocytic
ISIC_0019870,A1_Benign_melanocytic
ISIC_0000053,A1_Benign_melanocytic
ISIC_0021921,A2_Melanoma
ISIC_0013996,A1_Benign_melanocytic
ISIC_0001247,A1_Benign_melanocytic
ISIC_0015962,A1_Benign_melanocytic
ISIC_0012793,A1_Benign_melanocytic
ISIC_0022950,A3_Benign_epidermal
ISIC_0011341,A1_Benign_melanocytic
ISIC_0021874,A1_Benign_melanocytic
ISIC_0000011,A1_Benign_melanocytic
ISIC_0015520,A1_Benign_melanocytic
ISIC_0000095,A1_Benign_melanocytic
ISIC_0010329,A2_Melanoma
ISIC_0010178,A1_Benign_melanocytic
ISIC_0021170,A1_Benign_melanocytic
ISIC_0021780,A2_Melanoma
ISIC_0013879,A1_Benign_melanocytic
ISIC_0011146,A1_Benign_melanocytic
ISIC_0000397,A1_Benign_melanocytic
ISIC_0015552,A3_Benign_epidermal
ISIC_0013747,A1_Benign_melanocytic
ISIC_0000390,A2_Melanoma
ISIC_0012883,A1_Benign_melanocytic
ISIC_0012719,A3_Benign_epidermal
ISIC_0008256,A1_Benign_melanocytic
ISIC_0014788,A2_Melanoma
ISIC_0013719,A1_Benign_melanocytic
ISIC_0010169,A1_Benign_melanocytic
ISIC_0014511,A1_Benign_melanocytic
ISIC_0019544,A1_Benign_melanocytic
ISIC_0006711,A1_Benign_melanocytic
ISIC_0015479,A1_Benign_melanocytic
ISIC_0018964,A1_Benign_melanocytic
ISIC_0010168,A1_Benign_melanocytic
ISIC_0000510,A1_Benign_melanocytic
ISIC_0015139,A1_Benign_melanocytic
ISIC_0010588,A1_Benign_melanocytic
ISIC_0019199,A1_Benign_melanocytic
ISIC_0020888,A1_Benign_melanocytic
ISIC_0012702,A1_Benign_melanocytic
ISIC_0012715,A2_Melanoma
ISIC_0012156,A1_Benign_melanocytic
ISIC_0036258,A2_Melanoma
ISIC_0024135,A1_Benign_melanocytic
ISIC_0000255,A1_Benign_melanocytic
ISIC_0000523,A1_Benign_melanocytic
ISIC_0012329,A3_Benign_epidermal
ISIC_0021796,A3_Benign_epidermal
ISIC_0014746,A1_Benign_melanocytic
ISIC_0012334,A1_Benign_melanocytic
ISIC_0014879,A1_Benign_melanocytic
ISIC_0015276,A1_Benign_melanocytic
ISIC_0008347,A1_Benign_melanocytic
ISIC_0015963,A1_Benign_melanocytic
ISIC_0014682,A1_Benign_melanocytic
ISIC_0014768,A1_Benign_melanocytic
ISIC_0018472,A1_Benign_melanocytic
ISIC_0010090,A1_Benign_melanocytic
ISIC_0013360,A3_Benign_epidermal
ISIC_0013898,A1_Benign_melanocytic
ISIC_0013501,A2_Melanoma
ISIC_0012324,A1_Benign_melanocytic
ISIC_0010105,A1_Benign_melanocytic
ISIC_0000486,A1_Benign_melanocytic
ISIC_0013187,A1_Benign_melanocytic
ISIC_0010461,A1_Benign_melanocytic
ISIC_0000484,A2_Melanoma
ISIC_0015443,A1_Benign_melanocytic
ISIC_0012521,A1_Benign_melanocytic
ISIC_0011214,A1_Benign_melanocytic
ISIC_0009902,A1_Benign_melanocytic
ISIC_0002836,A1_Benign_melanocytic
ISIC_0013863,A3_Benign_epidermal
ISIC_0013126,A1_Benign_melanocytic
ISIC_0014805,A1_Benign_melanocytic
ISIC_0012092,A1_Benign_melanocytic
ISIC_0008507,A1_Benign_melanocytic
ISIC_0017464,A2_Melanoma
ISIC_0015193,A2_Melanoma
ISIC_0014724,A1_Benign_melanocytic
ISIC_0009879,A1_Benign_melanocytic
ISIC_0015521,A3_Benign_epidermal
ISIC_0021374,A1_Benign_melanocytic
ISIC_0000138,A1_Benign_melanocytic
ISIC_0015518,A2_Melanoma
ISIC_0017793,A1_Benign_melanocytic
ISIC_0010241,A2_Melanoma
ISIC_0014951,A2_Melanoma
ISIC_0014883,A2_Melanoma
ISIC_0002871,A1_Benign_melanocytic
ISIC_0002829,A1_Benign_melanocytic
ISIC_0010029,A2_Melanoma
ISIC_0015482,A1_Benign_melanocytic
ISIC_0015104,A1_Benign_melanocytic
ISIC_0014839,A1_Benign_melanocytic
ISIC_0021791,A1_Benign_melanocytic
ISIC_0000211,A1_Benign_melanocytic
ISIC_0016061,A1_Benign_melanocytic
ISIC_0019432,A2_Melanoma
ISIC_0020861,A1_Benign_melanocytic
ISIC_0020409,A1_Benign_melanocytic
ISIC_0002976,A1_Benign_melanocytic
ISIC_0009897,A2_Melanoma
ISIC_0015418,A1_Benign_melanocytic
ISIC_0015590,A1_Benign_melanocytic
ISIC_0013124,A1_Benign_melanocytic
ISIC_0000149,A2_Melanoma
ISIC_0015476,A1_Benign_melanocytic
ISIC_0000547,A2_Melanoma
ISIC_0020962,A1_Benign_melanocytic
ISIC_0012335,A1_Benign_melanocytic
ISIC_0022844,A1_Benign_melanocytic
ISIC_0023205,A1_Benign_melanocytic
ISIC_0013321,A2_Melanoma
ISIC_0015447,A1_Benign_melanocytic
ISIC_0015627,A1_Benign_melanocytic
ISIC_0020860,A1_Benign_melanocytic
ISIC_0003308,A1_Benign_melanocytic
ISIC_0011130,A2_Melanoma
ISIC_0013326,A1_Benign_melanocytic
ISIC_0010024,A2_Melanoma
ISIC_0015480,A1_Benign_melanocytic
ISIC_0013230,A1_Benign_melanocytic
ISIC_0010447,A1_Benign_melanocytic
ISIC_0023258,A3_Benign_epidermal
ISIC_0012496,A1_Benign_melanocytic
ISIC_0019902,A1_Benign_melanocytic
ISIC_0000443,A1_Benign_melanocytic
ISIC_0036333,A1_Benign_melanocytic
ISIC_0002246,A1_Benign_melanocytic
ISIC_0000282,A2_Melanoma
ISIC_0012418,A2_Melanoma
ISIC_0011131,A1_Benign_melanocytic
ISIC_0000120,A1_Benign_melanocytic
ISIC_0010064,A1_Benign_melanocytic
ISIC_0012118,A1_Benign_melanocytic
ISIC_0036100,A2_Melanoma
ISIC_0016351,A1_Benign_melanocytic
ISIC_0013828,A2_Melanoma
ISIC_0012230,A1_Benign_melanocytic
ISIC_0014395,A2_Melanoma
ISIC_0012155,A3_Benign_epidermal
ISIC_0000252,A1_Benign_melanocytic
ISIC_0012299,A3_Benign_epidermal
ISIC_0013070,A1_Benign_melanocytic
ISIC_0013141,A2_Melanoma
ISIC_0036263,A2_Melanoma
ISIC_0012333,A1_Benign_melanocytic
ISIC_0013558,A1_Benign_melanocytic
ISIC_0014992,A1_Benign_melanocytic
ISIC_0036090,A2_Melanoma
ISIC_0000319,A1_Benign_melanocytic
ISIC_0036197,A1_Benign_melanocytic
ISIC_0001374,A1_Benign_melanocytic
ISIC_0019092,A1_Benign_melanocytic
ISIC_0012592,A2_Melanoma
ISIC_0016029,A1_Benign_melanocytic
ISIC_0036344,A1_Benign_melanocytic
ISIC_0010347,A1_Benign_melanocytic
ISIC_0000278,A2_Melanoma
ISIC_0009901,A1_Benign_melanocytic
ISIC_0015986,A1_Benign_melanocytic
ISIC_0000357,A1_Benign_melanocytic
ISIC_0010350,A2_Melanoma
ISIC_0000345,A1_Benign_melanocytic
ISIC_0014910,A1_Benign_melanocytic
ISIC_0014623,A3_Benign_epidermal
ISIC_0036341,A1_Benign_melanocytic
ISIC_0014580,A3_Benign_epidermal
ISIC_0016024,A1_Benign_melanocytic
ISIC_0014911,A1_Benign_melanocytic
ISIC_0014943,A1_Benign_melanocytic
ISIC_0011112,A2_Melanoma
ISIC_0007038,A1_Benign_melanocytic
ISIC_0007528,A1_Benign_melanocytic
ISIC_0014090,A1_Benign_melanocytic
ISIC_0009504,A1_Benign_melanocytic
ISIC_0013969,A2_Melanoma
ISIC_0021453,A1_Benign_melanocytic
ISIC_0000086,A1_Benign_melanocytic
ISIC_0000209,A1_Benign_melanocytic
ISIC_0019794,A1_Benign_melanocytic
ISIC_0010262,A1_Benign_melanocytic
